"id","co2","temperature","humidity","pressure","smoke","sound","node","timestamp"
1,895,"-14.012739473268248","61.31629095575435","821.202855941859",True,True,1,"2024-09-30 03:04:30.975+00"
2,4,"-16.923715433203082","91.16917582448862","1050.7067881986284",False,False,2,"2024-09-30 03:05:00.972+00"
3,330,"19.809166640062443","23.247970058761602","799.6509425774495",False,False,3,"2024-09-30 03:05:30.993+00"
4,644,"-27.430381578116688","1.0192004090385787","783.2009798762911",False,False,4,"2024-09-30 03:06:01.002+00"
5,921,"75.36797163735737","53.878992975213166","1012.7895838575794",False,True,5,"2024-09-30 03:06:31.026+00"
6,186,"46.27995246622905","10.60134791850258","501.0498925205645",True,True,6,"2024-09-30 03:07:01.04+00"
7,114,"-15.6651006246993","10.808184320487314","662.3676633578896",False,False,7,"2024-09-30 03:07:31.065+00"
8,465,"15.365591205226941","75.32824007022963","373.6271523802312",True,False,8,"2024-09-30 03:08:01.089+00"
9,875,"-13.09842617016701","15.419671433376369","1077.6719960320884",False,False,9,"2024-09-30 03:08:31.114+00"
10,350,"-13.083107413517055","62.63715433024948","764.0022289045024",True,False,4,"2024-09-30 03:09:01.137+00"
11,1007,"73.70288563255076","85.60306802381092","833.4061239982793",True,True,5,"2024-09-30 15:09:31.15+00"
12,617,"29.608577970202646","62.4345486521283","750.4898553536104",False,False,3,"2024-09-30 15:10:01.17+00"
13,264,"-11.87125330854282","90.74497911091272","783.0326360756833",True,False,7,"2024-09-30 15:10:31.19+00"
14,90,"-29.43218868550592","91.63159028388499","746.6434902894039",True,True,2,"2024-09-30 15:11:01.215+00"
15,34,"82.46328338293513","30.212637738680836","644.1531038719331",False,True,7,"2024-09-30 15:11:31.231+00"
16,832,"17.544102910944915","23.58469486284367","414.34435143444244",True,True,5,"2024-09-30 15:12:01.256+00"
17,639,"41.54482762820375","77.60354273418726","911.9333872500483",True,True,6,"2024-09-30 15:12:31.279+00"
18,929,"-17.475057340246202","39.353092152898085","630.3675782523723",True,True,1,"2024-09-30 15:13:01.304+00"
19,874,"5.595236749313763","65.86443570392176","691.983356679327",False,True,6,"2024-09-30 15:13:31.328+00"
20,420,"66.76236701802877","36.956702786389606","722.094060172796",True,False,4,"2024-09-30 15:14:01.352+00"
21,215,"1.8779731535002782","34.585180533943614","611.3390382106584",True,False,2,"2024-09-30 15:14:31.37+00"
22,861,"33.420544602388816","30.217123611661755","976.177026108207",True,False,5,"2024-09-30 15:15:01.395+00"
23,554,"28.652741008632916","2.162063289953098","1034.1328993400489",False,False,6,"2024-09-30 15:15:31.419+00"
24,962,"-35.96544490022271","67.94562735932692","874.5945999122606",True,True,2,"2024-09-30 15:16:01.443+00"
25,89,"12.593356120017006","98.8247216291509","899.1572532590455",False,True,5,"2024-09-30 15:16:31.467+00"
26,326,"6.572558374884579","36.43957765370993","574.5030723500346",False,True,7,"2024-09-30 15:17:01.49+00"
27,299,"39.21976369896147","89.74016966415851","970.4137388755864",True,True,4,"2024-09-30 15:17:31.514+00"
28,120,"71.29901822820945","75.64872784059125","874.4184583391682",False,False,8,"2024-09-30 15:18:01.527+00"
29,875,"57.42353566683215","6.8280225654410165","857.56944588402",False,False,2,"2024-09-30 15:18:31.551+00"
30,364,"49.34828304304496","39.27910963660675","683.8684710312402",True,True,4,"2024-09-30 15:19:01.57+00"
31,795,"-10.14979147290925","83.53855833224844","434.65898183490435",False,False,6,"2024-09-30 15:19:31.595+00"
32,247,"56.58188152029412","15.134511832667187","999.1720426106028",True,True,3,"2024-09-30 15:20:01.62+00"
33,861,"18.847972380586533","29.674457204338257","1038.683020723391",True,True,4,"2024-09-30 15:20:31.644+00"
34,517,"-35.344967943806054","69.31320697250733","719.6813816984645",True,False,4,"2024-09-30 15:21:01.667+00"
35,831,"67.90712351180312","99.45198211532163","844.2503498144857",False,False,6,"2024-09-30 15:21:31.69+00"
36,772,"-24.079774067452174","39.016550881948284","404.1202910863086",True,False,4,"2024-09-30 15:22:01.715+00"
37,798,"55.02648452736281","28.53373644537602","859.3946667726067",True,False,5,"2024-09-30 15:22:31.73+00"
38,968,"-10.4092550119911","39.799149854988954","1096.28044654337",False,False,2,"2024-09-30 15:23:01.751+00"
39,244,"6.415112507878995","68.13525918892212","312.9561384308095",False,False,7,"2024-09-30 15:23:31.775+00"
40,973,"4.219425660650735","75.03203642569186","671.4792178079202",True,True,7,"2024-09-30 15:24:01.799+00"
41,368,"5.442727327637847","54.21646293079006","862.9104986722581",False,True,6,"2024-09-30 15:24:31.822+00"
42,46,"53.64715476165806","70.12738022893403","951.7062055987133",False,True,5,"2024-09-30 15:25:01.847+00"
43,412,"73.14397975676646","90.2771044291192","336.64465364696133",False,False,8,"2024-09-30 15:25:31.873+00"
44,934,"77.70974011287514","57.332426775672765","1097.745286143379",False,True,7,"2024-09-30 15:26:01.894+00"
45,958,"69.73785434568583","86.84533616442171","1092.4716724018258",True,False,8,"2024-09-30 15:26:31.9+00"
46,190,"-15.955694976566729","11.592853252605195","976.370330485283",False,True,5,"2024-09-30 15:27:01.92+00"
47,403,"39.80275569891148","19.772958246755067","906.9807364755615",False,False,8,"2024-09-30 15:27:31.944+00"
48,7,"-21.021523763784238","10.057821807759272","488.96837349896157",True,True,4,"2024-09-30 15:28:01.961+00"
49,67,"41.228820390956415","62.27863029730016","972.2107820885557",True,False,3,"2024-09-30 15:28:31.985+00"
50,852,"-34.67261703088503","40.02802044540381","462.85994967418367",True,True,6,"2024-09-30 15:29:02.009+00"
51,956,"20.855523426069617","42.185735349813115","485.4026004833942",True,True,2,"2024-09-30 15:29:32.033+00"
52,499,"17.27580308828861","23.442187424546248","513.7998629889747",False,True,4,"2024-09-30 15:30:02.059+00"
53,222,"42.038685332499554","51.80151588503963","1012.4130067990801",True,True,4,"2024-09-30 15:30:32.082+00"
54,316,"64.19961769708932","71.14329544344768","1036.1911329703912",False,True,5,"2024-09-30 15:31:02.105+00"
55,823,"26.258940801320747","87.77523837041264","833.8521770488856",True,True,3,"2024-09-30 15:31:32.132+00"
56,71,"75.65251234656849","17.20204136656185","604.4727927957407",False,False,3,"2024-09-30 15:32:02.152+00"
57,451,"-10.154166162967122","42.56369029867888","450.1494772343699",True,True,3,"2024-09-30 15:32:32.176+00"
58,268,"40.00511949989739","62.632623340696995","1025.7075234180313",False,False,2,"2024-09-30 15:33:02.2+00"
59,453,"47.14134807421178","55.22599585000412","467.5521889850579",True,True,3,"2024-09-30 15:33:32.223+00"
60,141,"33.74396207426817","53.90965036320652","352.90861648301063",True,False,4,"2024-09-30 15:34:02.241+00"
61,935,"6.26776095097415","28.73843902284254","459.38054484411043",False,False,3,"2024-09-30 15:34:32.261+00"
62,882,"80.39664978969675","31.848221807763256","488.089142429229",False,True,4,"2024-09-30 15:35:02.286+00"
63,160,"66.81195021916781","6.759117709779883","772.6677286628498",True,False,2,"2024-09-30 15:35:32.31+00"
64,381,"26.241097418746094","2.8343185651428238","901.887536216184",True,False,7,"2024-09-30 15:36:02.333+00"
65,610,"67.21960908700137","97.19210545993404","824.3318097949198",True,False,3,"2024-09-30 15:36:32.358+00"
66,944,"-31.883176813511845","43.93190800460416","650.4056993081961",False,True,2,"2024-09-30 15:37:02.381+00"
67,899,"29.261676843604874","16.90755223802278","749.2647324951547",True,True,1,"2024-09-30 15:37:32.406+00"
68,202,"-17.396858932020773","77.68858494451017","807.538060381941",True,True,8,"2024-09-30 15:38:02.43+00"
69,41,"75.7449517221871","89.26928060384154","420.545404822251",False,True,1,"2024-09-30 15:38:32.455+00"
70,784,"47.10650346305427","47.62796236824143","328.26821897513537",False,False,4,"2024-09-30 15:39:02.479+00"
71,798,"58.18642485171611","21.76183727587031","465.54515747290213",True,True,8,"2024-09-30 15:39:32.5+00"
72,524,"39.32969571109028","23.498119293806006","1034.3649345206497",True,False,9,"2024-09-30 15:40:02.525+00"
73,269,"-35.22829439131414","87.91759813797037","963.6738049627525",False,True,8,"2024-09-30 15:40:32.549+00"
74,669,"60.8563267800571","97.29998890558835","405.54743646234556",True,True,2,"2024-09-30 15:41:02.57+00"
75,801,"31.817449907758103","45.57088836318721","908.3362717513132",True,False,9,"2024-09-30 15:41:32.595+00"
76,509,"-14.712838310122038","33.54038118467759","452.8634395427098",False,True,2,"2024-09-30 15:42:02.62+00"
77,377,"75.78425207000845","49.77175948113657","330.391846579521",False,True,9,"2024-09-30 15:42:32.644+00"
78,548,"68.17701645596675","49.709942000698135","1054.2791677942478",True,False,2,"2024-09-30 15:43:02.668+00"
79,843,"16.370358626918943","60.90828452529307","343.83324630354434",True,False,7,"2024-09-30 15:43:32.688+00"
80,387,"35.61233988642388","82.69688084529614","1082.8428938705188",False,False,8,"2024-09-30 15:44:02.714+00"
81,1021,"-16.559248943308507","74.55220749856744","1018.0285852862492",True,True,7,"2024-09-30 15:44:32.737+00"
82,373,"70.06162282573753","13.867254538486451","946.1385772159398",True,True,5,"2024-09-30 15:45:02.763+00"
83,862,"11.381421024813605","77.79136330766674","454.1179799806276",True,True,9,"2024-09-30 15:45:32.786+00"
84,322,"24.7009040508039","19.30795783528685","703.9012152054797",True,False,3,"2024-09-30 15:46:02.811+00"
85,846,"-5.449946715696143","39.83014750575757","565.8458196197851",False,False,1,"2024-09-30 15:46:32.835+00"
86,319,"80.17581914524453","18.90658780867589","1028.1709847906604",False,False,2,"2024-09-30 15:47:02.86+00"
87,147,"72.24154947798077","10.446296423911615","918.4521893142442",False,False,7,"2024-09-30 15:47:32.881+00"
88,204,"62.337019575486266","94.52031940653227","721.6431284379105",True,True,5,"2024-09-30 15:48:02.905+00"
89,7,"69.79617552096185","86.29135180287886","713.9293403571974",False,True,7,"2024-09-30 15:48:32.929+00"
90,230,"28.7854746043094","28.30556617282771","580.7269683056268",True,True,4,"2024-09-30 15:49:02.953+00"
91,255,"58.59670208846147","2.4145953390312114","875.5122631481624",False,False,5,"2024-09-30 15:49:32.978+00"
92,33,"66.51324219391442","56.58521963292691","534.6007110201538",True,False,7,"2024-09-30 15:50:03.002+00"
93,728,"-11.324738315594793","48.51726222373536","635.544793985415",True,True,1,"2024-09-30 15:50:33.027+00"
94,913,"0.4212433565118161","99.4491253447944","718.4357798551993",True,False,4,"2024-09-30 15:51:03.05+00"
95,725,"69.01488722742003","71.2762577795568","946.1872726492642",False,False,6,"2024-09-30 15:51:33.074+00"
96,196,"20.57403886819926","41.74591488848287","966.5977253098582",False,False,4,"2024-09-30 15:52:03.1+00"
97,691,"77.80279882948922","28.342808277440803","781.5897121438786",True,True,5,"2024-09-30 15:52:33.124+00"
98,286,"3.2436522253610036","18.235137394368394","937.0402089856428",True,False,2,"2024-09-30 15:53:03.148+00"
99,749,"48.456573602884674","15.742041453360823","450.88345303100806",False,False,8,"2024-09-30 15:53:33.172+00"
100,909,"27.3903780290222","4.70511193618266","905.4348259073217",True,False,7,"2024-09-30 15:54:03.196+00"
101,70,"61.97176737038727","56.862012338485755","950.424820704813",True,True,8,"2024-09-30 15:54:33.22+00"
102,982,"-17.190387361186463","50.46027127161443","1024.168041396329",True,False,5,"2024-09-30 15:55:03.244+00"
103,696,"70.9143911798816","77.7382795721099","634.0816791204828",False,False,9,"2024-09-30 15:55:33.269+00"
104,110,"60.467981796966754","79.97682216034252","825.3654157311511",False,False,4,"2024-09-30 15:56:03.292+00"
105,619,"53.219149966202366","64.07633424015526","399.88126944365837",False,True,9,"2024-09-30 15:56:33.317+00"
106,583,"28.86422453298613","57.81300705348114","1059.0906068220966",False,True,3,"2024-09-30 15:57:03.34+00"
107,249,"17.94780667381977","91.3753703742203","536.9994001698132",True,False,2,"2024-09-30 15:57:33.35+00"
108,134,"-33.751108401927624","13.807929218559778","533.5684199481483",False,False,9,"2024-09-30 15:58:03.37+00"
109,371,"69.14619957345862","0.17458810686585835","654.2642290345457",False,False,1,"2024-09-30 15:58:33.394+00"
110,402,"69.7844919887779","18.568702597036136","658.1201306643072",True,False,2,"2024-09-30 15:59:03.419+00"
111,87,"30.325638100543983","66.44768937461241","1080.9304967406524",False,True,3,"2024-09-30 15:59:33.444+00"
112,781,"-28.46632801705589","86.35726021558247","389.1417347068906",False,False,8,"2024-09-30 16:00:03.468+00"
113,435,"40.63256981771718","92.85794665957943","795.579894632202",False,False,8,"2024-09-30 16:00:33.486+00"
114,877,"19.860874574903775","81.50996497256607","380.93316101634525",True,False,6,"2024-09-30 16:01:03.511+00"
115,640,"50.66937155148305","15.711727072668658","1083.1784647274244",False,False,6,"2024-09-30 16:01:33.536+00"
116,464,"32.970200910320884","56.406276719702085","745.6400437482204",True,False,4,"2024-09-30 16:02:03.55+00"
117,167,"28.175699705575553","8.44484231893552","1028.3512559066196",False,True,1,"2024-09-30 16:02:33.574+00"
118,771,"1.1861924052725215","46.18346553886062","370.63810414563056",False,False,7,"2024-09-30 16:03:03.598+00"
119,915,"51.5353383304856","77.68383736915645","845.724470554713",False,True,7,"2024-09-30 16:03:33.617+00"
120,87,"65.49310569334719","20.63819139728622","771.4046932767562",False,True,8,"2024-09-30 16:04:03.642+00"
121,418,"68.91149017356288","2.107521276544122","968.9054535309114",True,False,4,"2024-09-30 16:04:33.66+00"
122,356,"26.899354838040992","34.90704938012988","414.0174821514828",False,True,6,"2024-09-30 16:05:03.685+00"
123,790,"-8.474847802086813","85.75399362069408","913.0455371851209",True,True,4,"2024-09-30 16:05:33.702+00"
124,815,"8.363894190230127","36.97758868195364","496.72212725035257",False,False,9,"2024-09-30 16:06:03.725+00"
125,450,"32.2227553457827","37.72407188213984","533.539650497141",True,True,4,"2024-09-30 16:06:33.75+00"
126,480,"-4.6675084164933764","15.71226233476204","457.5400658137827",True,True,4,"2024-09-30 16:07:03.772+00"
127,236,"-15.503693026532474","10.376478156002067","420.0289781490527",False,False,2,"2024-09-30 16:07:33.797+00"
128,11,"32.09651949288751","13.281496756240463","779.5550498442076",False,True,3,"2024-09-30 16:08:03.822+00"
129,265,"7.964796731633477","13.145744886529375","778.7057737643322",True,False,7,"2024-09-30 16:08:33.845+00"
130,928,"-25.86818260412459","71.04294604580086","885.0112982500175",False,True,6,"2024-09-30 16:09:03.869+00"
131,868,"-2.3130522853062843","62.39546591535539","834.5614886297082",True,False,8,"2024-09-30 16:09:33.894+00"
132,440,"56.398852134210074","4.01205582714157","512.9574340019369",True,False,7,"2024-09-30 16:10:03.91+00"
133,223,"-38.07923205848717","81.64158935337666","347.5067011495307",True,True,8,"2024-09-30 16:10:33.934+00"
134,1005,"-25.56926561030786","32.45131624570268","403.4409938486677",False,True,4,"2024-09-30 16:11:03.95+00"
135,725,"16.25886673025743","4.542443803557772","836.8130517435201",True,False,5,"2024-09-30 16:11:33.974+00"
136,160,"35.4804793314694","29.92919617791079","612.8124900425398",True,False,4,"2024-09-30 16:12:03.999+00"
137,567,"-3.439291023086895","2.060017102151468","1034.7896235173398",False,False,8,"2024-09-30 16:12:34.023+00"
138,321,"17.75623868388402","59.285928038636435","349.9088222010878",True,False,6,"2024-09-30 16:13:04.047+00"
139,385,"9.592920744459981","35.17759293148117","345.04968597231095",False,True,5,"2024-09-30 16:13:34.071+00"
140,968,"-19.950214305904925","99.72273280808113","1055.8003573195929",False,False,2,"2024-09-30 16:14:04.096+00"
141,356,"53.82952042293252","65.01006183367655","698.2641313991751",False,False,8,"2024-09-30 16:14:34.11+00"
142,693,"72.17526614204071","77.60894961513812","786.7335054336565",False,True,2,"2024-09-30 16:15:04.13+00"
143,396,"14.809571052598507","34.31874833080491","851.5233605750517",False,True,3,"2024-09-30 16:15:34.154+00"
144,124,"15.116879544519023","43.28786138363962","1040.9073781790694",False,True,5,"2024-09-30 16:16:04.178+00"
145,784,"-28.36358828846685","7.477375899454697","314.07756821966615",True,False,5,"2024-09-30 16:16:34.202+00"
146,124,"10.172447986200183","20.162788514655517","924.3169376932934",True,False,4,"2024-09-30 16:17:04.226+00"
147,285,"-21.82896954867907","73.19141914214676","358.4269239969508",True,True,3,"2024-09-30 16:17:34.24+00"
148,367,"-0.539069294102184","60.55265144199786","1025.4311695463618",False,False,3,"2024-09-30 16:18:04.265+00"
149,554,"21.388935134095632","90.65059568263936","782.1448385260377",False,False,1,"2024-09-30 16:18:34.288+00"
150,393,"59.98914097832157","14.983910734544615","693.8081341220263",False,True,7,"2024-09-30 16:19:04.312+00"
151,665,"77.22905291444991","38.0370046841614","490.6344101919482",False,False,8,"2024-09-30 16:19:34.337+00"
152,994,"-35.36519982346755","9.361218206783528","914.7882320691871",True,True,8,"2024-09-30 16:20:04.361+00"
153,661,"36.68337060024797","44.94762772094647","1085.4163249168005",True,False,8,"2024-09-30 16:20:34.381+00"
154,592,"24.151420925369735","9.50590442027024","500.0434738465273",False,False,6,"2024-09-30 16:21:04.406+00"
155,784,"74.60978538960757","55.69418223672413","377.91809915221694",True,True,2,"2024-09-30 16:21:34.429+00"
156,75,"-25.92677606990148","98.33506297458014","445.22684378953164",True,True,5,"2024-09-30 16:22:04.455+00"
157,881,"5.491829146453803","15.274723165303318","827.526552600307",False,True,6,"2024-09-30 16:22:34.48+00"
158,108,"68.06327147225223","86.2469685530068","606.3021077291681",False,True,4,"2024-09-30 16:23:04.504+00"
159,216,"1.1444186225832524","69.36965957929047","484.14219588885726",True,True,8,"2024-09-30 16:23:34.528+00"
160,954,"10.653775568676615","21.276840542770703","642.7833782424343",False,False,1,"2024-09-30 16:24:04.551+00"
161,144,"67.09717836253682","70.39814346917821","989.9366094415177",False,True,8,"2024-09-30 16:24:34.575+00"
162,409,"75.50832282288486","95.68849197562874","833.5748384818954",True,False,6,"2024-09-30 16:25:04.598+00"
163,509,"18.6966965329693","70.36783338138284","700.5798623873311",True,False,8,"2024-09-30 16:25:34.611+00"
164,91,"59.590227379303144","39.11360171694454","318.3890976807779",False,False,4,"2024-09-30 16:26:04.635+00"
165,544,"64.50218656946109","61.21972513821583","381.9226564998889",True,True,9,"2024-09-30 16:26:34.644+00"
166,103,"63.11554656969254","84.36068433627841","570.9319421702993",True,True,5,"2024-09-30 16:27:04.667+00"
167,638,"15.260470312326618","0.784634636022763","679.538158463655",True,True,6,"2024-09-30 16:27:34.692+00"
168,532,"9.171660240907464","3.435825242195212","348.68148711451374",False,False,2,"2024-09-30 16:28:04.715+00"
169,899,"83.02270858785889","63.197120798939906","675.4749425181924",False,False,7,"2024-09-30 16:28:34.74+00"
170,627,"17.516759242041303","80.15574384706323","662.4358933468395",False,False,5,"2024-09-30 16:29:04.764+00"
171,299,"79.14664866890546","24.81353885248896","337.9668025776324",True,True,7,"2024-09-30 16:29:34.788+00"
172,721,"-8.509670866258972","13.961790095900817","372.3585564240395",True,True,2,"2024-09-30 16:30:04.813+00"
173,398,"39.76123592370071","95.18422127120898","931.3225369782957",True,False,4,"2024-09-30 16:30:34.837+00"
174,667,"2.737433166875448","71.38222790484188","324.54041498949005",True,False,8,"2024-09-30 16:31:04.862+00"
175,697,"0.4404561912638485","65.71898854446263","610.1953125277128",True,True,2,"2024-09-30 16:31:34.885+00"
176,159,"12.808945982202623","23.46778474725646","339.2865526121737",True,False,8,"2024-09-30 16:32:04.89+00"
177,1001,"71.51075046161348","53.319890346134734","573.6538155725211",False,False,5,"2024-09-30 16:32:34.914+00"
178,206,"84.68398047606586","41.867716975761326","914.0684429382153",True,True,6,"2024-09-30 16:33:04.939+00"
179,623,"7.014436628721654","16.426966412857368","772.1397270696111",False,False,3,"2024-09-30 16:33:34.962+00"
180,529,"3.665064944101047","26.109321408292207","533.1657711982962",False,True,2,"2024-09-30 16:34:04.987+00"
181,135,"-3.3367315937205433","31.470826002209385","964.2564591155557",True,True,5,"2024-09-30 16:34:35.011+00"
182,755,"81.75405378695913","87.26338869154834","904.7448067845702",False,True,5,"2024-09-30 16:35:05.035+00"
183,448,"-6.888804278565381","8.30837667721267","575.8368547301096",False,True,9,"2024-09-30 16:35:35.059+00"
184,391,"-14.786346112020752","95.83210531369954","366.06100344272915",False,False,1,"2024-09-30 16:36:05.085+00"
185,505,"83.61881954999309","8.052058141621178","686.6380281953171",False,False,4,"2024-09-30 16:36:35.109+00"
186,465,"68.3281602118728","74.35162178047818","812.8313808107564",False,True,3,"2024-09-30 16:37:05.133+00"
187,865,"74.74873800778421","54.33665180854259","533.3663145867711",False,False,4,"2024-09-30 16:37:35.15+00"
188,209,"48.06913933082883","29.323277394925352","597.7302193796883",True,True,9,"2024-09-30 16:38:05.174+00"
189,107,"25.317755909833124","64.1297129512127","901.1999970462149",False,False,9,"2024-09-30 16:38:35.2+00"
190,815,"2.3952100958651954","6.517691055128827","407.4236289076234",True,False,7,"2024-09-30 16:39:05.224+00"
191,354,"33.76616373248184","29.246312626714598","805.1183210443007",False,False,4,"2024-09-30 16:39:35.247+00"
192,663,"78.38357436008786","15.753465879472461","1021.4390028195564",False,False,3,"2024-09-30 16:40:05.273+00"
193,850,"1.699572732238174","63.62127228794543","732.1780673988463",False,False,5,"2024-09-30 16:40:35.296+00"
194,605,"39.33302645700124","92.18226517305075","518.5912178699356",False,True,1,"2024-09-30 16:41:05.321+00"
195,91,"-28.548486765684466","89.09002420562094","1058.7025648586764",False,False,5,"2024-09-30 16:41:35.344+00"
196,818,"79.68595882815956","71.61546419056157","856.0110046125061",True,False,5,"2024-09-30 16:42:05.368+00"
197,891,"-28.704402773488255","50.159731896016744","931.6597332876926",False,True,8,"2024-09-30 16:42:35.393+00"
198,425,"-39.54185552923161","24.70989627533462","340.1190949243869",True,False,9,"2024-09-30 16:43:05.418+00"
199,392,"-33.84293522093314","11.796444064353938","429.6133264304272",True,False,6,"2024-09-30 16:43:35.442+00"
200,330,"-30.821333547873188","26.186931288397574","444.53186971037314",False,False,9,"2024-09-30 16:44:05.461+00"
201,567,"65.93747561755798","61.18745550650826","600.1129285884565",True,True,9,"2024-09-30 16:44:35.485+00"
202,784,"-22.496544779487586","90.45966407575506","692.8718305936039",True,False,8,"2024-09-30 16:45:05.49+00"
203,994,"-1.9726637337186474","18.56128698356736","498.24374805468835",False,True,7,"2024-09-30 16:45:35.499+00"
204,1001,"84.57327099811674","43.21357510218642","569.1604404271907",True,False,1,"2024-09-30 16:46:05.522+00"
205,906,"79.32668275276542","31.885293456175056","368.50163346699173",False,False,3,"2024-09-30 16:46:35.547+00"
206,917,"-27.956214377866043","86.8247883107571","746.9270981545383",False,True,2,"2024-09-30 16:47:05.571+00"
207,495,"80.79186100789585","89.86665506455066","840.2106991746905",True,True,1,"2024-09-30 16:47:35.596+00"
208,825,"46.96170861147448","34.43024327899129","1006.3818962174402",True,True,4,"2024-09-30 16:48:05.62+00"
209,1013,"71.15581241489491","82.40370512135466","866.0585896841585",False,False,7,"2024-09-30 16:48:35.644+00"
210,288,"80.47474122459236","7.686479996239437","501.1522908811944",True,False,4,"2024-09-30 16:49:05.669+00"
211,348,"17.26472265278545","52.43076266830074","895.3779182654685",True,True,9,"2024-09-30 16:49:35.692+00"
212,247,"71.13074687021756","64.05749906425943","616.8495316062771",False,False,2,"2024-09-30 16:50:05.715+00"
213,686,"-5.929195656843376","48.09231262124671","1022.5792742836353",True,True,4,"2024-09-30 16:50:35.731+00"
214,515,"43.510345937580354","24.192119672291735","378.4967958807707",True,True,7,"2024-09-30 16:51:05.755+00"
215,394,"60.0788570066817","77.1766474461204","690.9219222085906",False,True,4,"2024-09-30 16:51:35.771+00"
216,525,"79.57039063910446","38.49812844418565","846.739599335452",True,False,5,"2024-09-30 16:52:05.796+00"
217,201,"-15.865699234519074","84.95259108668738","1073.6364482085985",False,False,4,"2024-09-30 16:52:35.82+00"
218,374,"46.96613812218391","81.67430453560004","731.7318831251633",False,True,5,"2024-09-30 16:53:05.844+00"
219,825,"20.883205631415223","78.36403225764614","304.6296795246814",True,False,6,"2024-09-30 16:53:35.869+00"
220,599,"26.14521951624313","35.29551368349075","604.4702015299016",False,False,3,"2024-09-30 16:54:05.892+00"
221,367,"34.34675872681373","29.72521258824996","1084.0911085535392",True,False,2,"2024-09-30 16:54:35.894+00"
222,957,"58.33291187069132","98.72140709151833","675.4298500657112",False,False,3,"2024-09-30 16:55:05.894+00"
223,330,"-16.14842445184197","41.7540315786217","415.2101035766217",False,True,6,"2024-09-30 16:55:35.918+00"
224,362,"22.701530601913383","42.00260272761085","597.9459482139025",True,False,5,"2024-09-30 16:56:05.941+00"
225,114,"49.69831209974275","2.3714742166399905","551.6864661766471",False,False,2,"2024-09-30 16:56:35.967+00"
226,687,"17.947634774953457","72.098736733728","696.8828861592413",False,True,6,"2024-09-30 16:57:05.973+00"
227,926,"72.80890818516859","51.942676511837796","835.7626708237154",True,True,5,"2024-09-30 16:57:35.983+00"
228,220,"-23.804619545669862","10.52589476894732","661.1117632463918",True,False,3,"2024-09-30 16:58:06.007+00"
229,497,"33.01731217282092","42.783135379706415","941.9647415663278",True,True,6,"2024-09-30 16:58:36.031+00"
230,872,"76.35128649783077","59.06950996229978","884.8680266499346",True,False,6,"2024-09-30 16:59:06.054+00"
231,35,"-9.851886728762242","90.88822443898992","427.7210227392498",True,False,5,"2024-09-30 16:59:36.07+00"
232,53,"80.8326884398995","51.924699484999714","688.8679563684029",True,True,5,"2024-09-30 17:00:06.09+00"
233,619,"28.805670675096906","92.11676110762697","1055.6582059593536",False,True,7,"2024-09-30 17:00:36.111+00"
234,876,"44.426473132666715","66.9884188395628","551.4238685120836",False,False,9,"2024-09-30 17:01:06.136+00"
235,735,"-34.57650956761895","44.55170402122444","418.1373942118803",True,True,6,"2024-09-30 17:01:36.151+00"
236,518,"65.32228368062701","91.85481952249413","705.4063548045742",True,True,8,"2024-09-30 17:02:06.176+00"
237,445,"18.727872130855147","71.37845315670582","902.0070129434862",True,True,7,"2024-09-30 17:02:36.201+00"
238,405,"-33.56788610922209","60.442375523816864","353.3538365812131",True,True,2,"2024-09-30 17:03:06.224+00"
239,608,"44.31189002331507","24.2537265164271","945.6683502069931",False,False,1,"2024-09-30 17:03:36.249+00"
240,113,"4.520054536575344","78.63035865004173","1065.4053116336186",False,False,2,"2024-09-30 17:04:06.273+00"
241,637,"11.532549577782191","66.63240624055511","715.0441437229811",True,False,4,"2024-09-30 17:04:36.291+00"
242,382,"19.39153212191942","64.65858834087798","574.7128053756834",True,False,3,"2024-09-30 17:05:06.31+00"
243,637,"39.8654409663954","1.8279578663264795","406.6173095776486",False,False,4,"2024-09-30 17:05:36.336+00"
244,719,"72.72363698276774","71.3001238029315","976.2548954145849",True,False,9,"2024-09-30 17:06:06.359+00"
245,732,"39.678236028799446","41.802746020182305","400.61911647115323",False,True,8,"2024-09-30 17:06:36.384+00"
246,292,"17.362494508432448","47.96840281544756","572.9173037740129",True,True,2,"2024-09-30 17:07:06.408+00"
247,592,"-12.314632744473467","89.66148239566168","583.3403138687809",False,True,3,"2024-09-30 17:07:36.43+00"
248,717,"-14.844221086331121","0.31625628767075753","705.5087754630376",True,True,5,"2024-09-30 17:08:06.456+00"
249,406,"-33.63553621067632","81.18329827408668","788.8595933844467",True,True,2,"2024-09-30 17:08:36.478+00"
250,251,"-3.310951303619099","99.81114316925171","952.926196263385",False,False,8,"2024-09-30 17:09:06.5+00"
251,832,"76.4761009815011","77.54890882518654","931.1454661103973",True,False,9,"2024-09-30 17:09:36.525+00"
252,167,"78.55364080917685","68.64864177939303","460.4661398227048",True,False,2,"2024-09-30 17:10:06.549+00"
253,385,"61.36985110959681","82.58047684329506","664.8936659928465",False,True,5,"2024-09-30 17:10:36.55+00"
254,321,"24.150224189561982","60.25764092129224","1098.3201884972727",True,True,5,"2024-09-30 17:11:06.575+00"
255,787,"31.53654354009764","12.886362832713893","302.89704299356634",True,False,2,"2024-09-30 17:11:36.599+00"
256,346,"36.394273164151116","72.87831829414327","628.5291968904794",False,True,8,"2024-09-30 17:12:06.621+00"
257,321,"68.84174302652266","95.6172165636463","528.1471621916148",False,False,8,"2024-09-30 17:12:36.645+00"
258,822,"-12.900389300965479","98.5141637802514","340.5771044290775",True,False,5,"2024-09-30 17:13:06.668+00"
259,769,"77.95520409103804","83.96532423281842","312.31233051703083",False,True,1,"2024-09-30 17:13:36.69+00"
260,81,"-34.70490097095593","82.1143603342431","356.1685357582995",True,False,6,"2024-09-30 17:14:06.715+00"
261,916,"6.313406415804145","50.205102331478635","796.0713628239307",True,False,6,"2024-09-30 17:14:36.739+00"
262,680,"82.42683431514187","1.5197554345887987","354.59622447659916",False,True,7,"2024-09-30 17:15:06.762+00"
263,688,"73.83159455928745","70.15975671790771","824.3116369425172",False,True,7,"2024-09-30 17:15:36.788+00"
264,290,"17.476370734174054","47.433820569363895","648.8988293303796",False,True,1,"2024-09-30 17:16:06.812+00"
265,605,"-7.286425116045592","17.92505944453793","322.708264122031",True,False,9,"2024-09-30 17:16:36.835+00"
266,332,"80.1222044033253","48.72529687876812","584.2729390742303",True,False,6,"2024-09-30 17:17:06.859+00"
267,420,"-25.449063282900827","44.817102255726304","690.2919842209947",True,True,5,"2024-09-30 17:17:36.884+00"
268,696,"20.40819467928288","56.350067528990856","1047.3736781138653",True,True,8,"2024-09-30 17:18:06.909+00"
269,832,"34.381554366722725","72.74714644505463","558.6773338378584",False,False,6,"2024-09-30 17:18:36.934+00"
270,10,"7.609757843511737","72.42537562420604","946.3963591278016",True,True,9,"2024-09-30 17:19:06.95+00"
271,156,"-22.759639957592746","60.23275397716734","994.7752383296267",False,True,9,"2024-09-30 17:19:36.974+00"
272,92,"40.174897134407786","74.65727386011692","428.301162324688",True,True,2,"2024-09-30 17:20:06.999+00"
273,507,"19.207470235698864","83.00435337223801","512.9086409190732",False,True,8,"2024-09-30 17:20:37.022+00"
274,784,"26.572317713106983","91.25866468580696","616.6823404360492",False,False,7,"2024-09-30 17:21:07.046+00"
275,163,"-14.451010862996569","70.78403212889191","1033.1645922855887",True,False,2,"2024-09-30 17:21:37.072+00"
276,189,"76.45294510894882","82.29280802181609","430.9100230016377",False,True,5,"2024-09-30 17:22:07.096+00"
277,832,"14.96144538265743","40.61723684085634","758.5133097311623",True,False,2,"2024-09-30 17:22:37.111+00"
278,977,"68.12801494264818","94.91048883517274","451.51692627533765",True,True,2,"2024-09-30 17:23:07.13+00"
279,312,"21.889753721375676","79.4007537735251","1054.7235742308867",True,True,2,"2024-09-30 17:23:37.154+00"
280,350,"37.124892078546665","5.002841662854518","660.7552417733534",False,False,3,"2024-09-30 17:24:07.18+00"
281,723,"-6.727200736961805","16.46345680630108","516.6748208340175",False,False,7,"2024-09-30 17:24:37.187+00"
282,614,"-17.53106838346737","95.2387364796727","711.3220566250111",False,False,1,"2024-09-30 17:25:07.211+00"
283,518,"41.23158149412693","17.59862950857858","784.5845283018311",True,True,7,"2024-09-30 17:25:37.235+00"
284,1018,"81.05466050143404","67.32048565159549","386.66273442232574",True,False,8,"2024-09-30 17:26:07.26+00"
285,165,"2.183631418346465","13.511161396139482","304.7585924957902",False,False,8,"2024-09-30 17:26:37.285+00"
286,629,"33.17675470703571","75.40642960647823","1098.4314604316828",True,False,8,"2024-09-30 17:27:07.31+00"
287,891,"57.84169201818213","70.17020754644388","1056.3705957645313",True,False,7,"2024-09-30 17:27:37.334+00"
288,955,"69.79942514242141","83.60869698868632","762.5867496481918",True,True,7,"2024-09-30 17:28:07.357+00"
289,484,"65.43825308248275","41.16106962597248","958.9990065640384",True,False,5,"2024-09-30 17:28:37.381+00"
290,626,"-3.9052247574166046","33.482235708241205","971.4424887766316",False,True,9,"2024-09-30 17:29:07.406+00"
291,480,"72.11982970316575","18.67005463593021","357.1804851654816",False,False,4,"2024-09-30 17:29:37.431+00"
292,47,"34.90265041894678","83.73574339312017","426.4108088918214",False,False,7,"2024-09-30 17:30:07.455+00"
293,702,"48.766421159367255","89.5635246870531","834.7849829628965",False,False,7,"2024-09-30 17:30:37.47+00"
294,620,"69.62394966340392","51.598811132467915","892.5290916326464",False,False,4,"2024-09-30 17:31:07.495+00"
295,525,"10.633960356005034","8.244156176701377","717.1706169239783",True,False,6,"2024-09-30 17:31:37.519+00"
296,171,"45.80741510429287","60.01331940954295","619.8725045694571",False,False,7,"2024-09-30 17:32:07.542+00"
297,392,"-23.87543108274339","77.92938371649679","745.5346498295046",True,True,7,"2024-09-30 17:32:37.566+00"
298,702,"59.16530054527176","78.79831405009163","883.6937637626653",False,True,5,"2024-09-30 17:33:07.59+00"
299,442,"-16.79438897903606","78.48970339697149","1077.6003002132302",False,True,2,"2024-09-30 17:33:37.61+00"
300,464,"26.477684989765507","23.97019571116894","548.0294205810598",False,True,5,"2024-09-30 17:34:07.636+00"
301,523,"-36.36422180405784","32.66337915451667","417.02494085612204",False,False,1,"2024-09-30 17:34:37.65+00"
302,686,"-1.4551378785139448","49.63578704178251","1099.7223667924889",False,True,2,"2024-09-30 17:35:07.67+00"
303,950,"56.984941199459655","63.4336058711902","547.2634478882553",True,False,7,"2024-09-30 17:35:37.695+00"
304,945,"46.477665977203515","71.23105432005212","1079.789256599352",True,True,7,"2024-09-30 17:36:07.711+00"
305,497,"45.991121485642054","34.7543785652396","947.3254351879401",True,True,6,"2024-09-30 17:36:37.735+00"
306,89,"79.16083542919345","37.54550825512772","488.453641663539",False,True,7,"2024-09-30 17:37:07.758+00"
307,175,"-31.242415717545647","28.80619111077214","343.7231383009213",False,False,3,"2024-09-30 17:37:37.762+00"
308,800,"-7.026521174261134","89.84238422740589","468.1593491569263",False,False,6,"2024-09-30 17:38:07.767+00"
309,462,"83.73720387866022","68.58047402371545","589.3456512801283",True,True,3,"2024-09-30 17:38:37.792+00"
310,658,"18.68654866139422","28.869361685327497","1091.2067223235422",True,False,3,"2024-09-30 17:39:07.815+00"
311,420,"3.3652319724686066","77.49395331056192","625.0812495758141",True,True,5,"2024-09-30 17:39:37.841+00"
312,394,"39.2575584657676","44.32860246564869","974.4365710696544",True,True,6,"2024-09-30 17:40:07.865+00"
313,426,"72.4428525133658","24.854823361258372","871.1802896808049",True,True,2,"2024-09-30 17:40:37.89+00"
314,616,"39.892860557764735","1.5562799884334622","411.28211169467176",True,True,2,"2024-09-30 17:41:07.913+00"
315,750,"46.63846656335389","77.49886273765823","744.2891095389766",True,True,5,"2024-09-30 17:41:37.938+00"
316,260,"71.94563184769393","10.600516173225905","818.806395080211",False,True,2,"2024-09-30 17:42:07.962+00"
317,551,"38.7091859929337","85.82825602202291","1095.7708851195976",True,True,3,"2024-09-30 17:42:37.986+00"
318,952,"18.87714985466677","13.714381576610158","824.2157921902734",False,False,3,"2024-09-30 17:43:08.011+00"
319,272,"80.36126144854437","35.2316606946945","836.4610701394604",True,True,7,"2024-09-30 17:43:38.036+00"
320,545,"60.70829076221305","95.86087108783023","865.5823289821919",True,False,3,"2024-09-30 17:44:08.06+00"
321,833,"2.6284512508864353","38.80300393780865","356.14177209683044",False,False,4,"2024-09-30 17:44:38.084+00"
322,840,"69.68666307518532","35.2027941931182","1067.546301755463",True,True,2,"2024-09-30 17:45:08.108+00"
323,1022,"82.56758063695938","64.89893956793705","878.2222644065996",False,False,8,"2024-09-30 17:45:38.132+00"
324,292,"64.24434094009288","50.7909788976908","362.3260753367827",True,True,7,"2024-09-30 17:46:08.156+00"
325,577,"79.06458161934083","24.36793284593113","890.4832308382604",True,True,8,"2024-09-30 17:46:38.18+00"
326,360,"35.15911990121499","46.18379725022945","968.7885499870084",True,True,8,"2024-09-30 17:47:08.203+00"
327,358,"66.43730108492447","22.763547026772812","444.74876445636653",False,True,2,"2024-09-30 17:47:38.229+00"
328,212,"-19.639154341858887","7.043505394747673","424.1211995524596",True,False,6,"2024-09-30 17:48:08.252+00"
329,921,"54.33335891533817","67.5986712026466","566.2841055679012",False,False,2,"2024-09-30 17:48:38.27+00"
330,970,"-5.4410072351589065","81.15889728092284","718.1536722200026",False,True,3,"2024-09-30 17:49:08.296+00"
331,821,"52.161927969755865","57.82631514267065","782.0138642694374",False,True,4,"2024-09-30 17:49:38.318+00"
332,986,"54.17899553213327","43.04830247004472","521.1800486133986",True,True,4,"2024-09-30 17:50:08.343+00"
333,6,"55.81219588944279","0.192281877369882","546.8723813894456",False,True,9,"2024-09-30 17:50:38.366+00"
334,551,"50.27747468119263","99.67829949325846","323.8737346339876",False,False,4,"2024-09-30 17:51:08.391+00"
335,159,"-22.587391045006918","21.352639182515176","671.9022162296988",False,True,7,"2024-09-30 17:51:38.415+00"
336,156,"52.09310027886083","57.22630070288599","815.6933351901271",False,True,1,"2024-09-30 17:52:08.439+00"
337,71,"-38.6007796062985","92.36294027936214","489.3417187875974",True,False,1,"2024-09-30 17:52:38.451+00"
338,28,"68.29765825277424","16.076707189597194","838.925776106183",False,True,8,"2024-09-30 17:53:08.475+00"
339,16,"18.187598902121188","15.881701212118049","816.6908264579447",True,False,3,"2024-09-30 17:53:38.493+00"
340,232,"74.84445521772737","23.17849297166297","535.7863050276421",False,True,7,"2024-09-30 17:54:08.51+00"
341,867,"-17.50728920798291","16.483412550492215","470.13856855334825",False,False,4,"2024-09-30 17:54:38.515+00"
342,798,"-39.61102484288292","47.12546765016539","999.2330222141234",True,True,9,"2024-09-30 17:55:08.54+00"
343,528,"43.81436576649321","67.11189170667889","837.0222731267174",True,True,8,"2024-09-30 17:55:38.56+00"
344,404,"80.3222492890944","63.332142740626374","801.7898518016261",False,True,4,"2024-09-30 17:56:08.584+00"
345,1022,"46.574586502719285","22.261458191025916","812.333218103334",False,True,8,"2024-09-30 17:56:38.609+00"
346,360,"48.3616215223382","36.17097969602456","1022.5322780583115",True,True,2,"2024-09-30 17:57:08.633+00"
347,620,"-22.041602567577748","43.48613996248672","1075.8768751573161",False,True,3,"2024-09-30 17:57:38.657+00"
348,813,"46.45986399253708","28.52145673024278","677.0925600781504",False,False,3,"2024-09-30 17:58:08.681+00"
349,327,"-35.245301938231044","8.488408372020873","888.3782983784789",True,True,2,"2024-09-30 17:58:38.704+00"
350,459,"41.6465284506655","68.51130102895067","998.3821716838567",True,True,9,"2024-09-30 17:59:08.721+00"
351,3,"-7.32637708385294","20.970254760447247","886.5350533127394",True,True,5,"2024-09-30 17:59:38.745+00"
352,7,"59.21728507959173","29.698044365138898","1085.2537618764068",False,False,6,"2024-09-30 18:00:08.77+00"
353,528,"69.79015811794285","24.07874285641376","429.03070010911773",False,True,2,"2024-09-30 18:00:38.793+00"
354,506,"24.372969833498132","27.12345980562805","447.79271257733717",False,False,4,"2024-09-30 18:01:08.817+00"
355,94,"40.248548213788354","23.802835451748706","442.2095020181015",True,True,8,"2024-09-30 18:01:38.842+00"
356,638,"-23.513067229506404","55.86358538752574","483.44341086174506",False,False,7,"2024-09-30 18:02:08.867+00"
357,447,"6.372093467713427","5.380835982765331","743.4071417402682",False,True,5,"2024-09-30 18:02:38.891+00"
358,302,"-36.445166907553","76.79657379316656","965.7293404776934",True,False,2,"2024-09-30 18:03:08.916+00"
359,646,"60.08909191193899","97.58715129976491","912.390419419051",True,True,7,"2024-09-30 18:03:38.941+00"
360,153,"19.371659192541202","45.634474376003475","1060.3082649536084",False,True,1,"2024-09-30 18:04:08.953+00"
361,320,"-2.750462909245151","38.554531284575866","801.6568714720547",True,False,6,"2024-09-30 18:04:38.976+00"
362,675,"39.34499723374199","41.150276464322054","953.5802938083533",False,True,2,"2024-09-30 18:05:09+00"
363,343,"69.05666046416232","36.386213813474136","913.4458803371059",True,False,5,"2024-09-30 18:05:39.024+00"
364,813,"81.98330078615186","72.4971597613596","1020.6154491245636",True,True,7,"2024-09-30 18:06:09.047+00"
365,434,"82.31143079547546","15.329559976886408","546.8872615156481",True,False,9,"2024-09-30 18:06:39.072+00"
366,510,"3.5025217858183737","13.322782736440363","1001.850376876661",False,False,2,"2024-09-30 18:07:09.095+00"
367,929,"20.477207540050564","74.79372232955409","417.4673919408093",True,False,2,"2024-09-30 18:07:39.12+00"
368,959,"-9.434038826565232","5.183229030193504","990.0859769643967",False,True,1,"2024-09-30 18:08:09.144+00"
369,192,"63.915854266525415","81.47067075507013","527.3066807505485",False,False,8,"2024-09-30 18:08:39.168+00"
370,593,"2.2895871478279872","33.24591628795965","1015.4437927394694",True,True,4,"2024-09-30 18:09:09.192+00"
371,398,"-8.954440262339705","60.9242651573676","628.3762743569496",True,True,8,"2024-09-30 18:09:39.215+00"
372,266,"80.23231874794355","81.55163994177015","617.4732459454937",False,False,1,"2024-09-30 18:10:09.241+00"
373,344,"13.888086074451394","86.00032200776468","746.2691533318136",False,False,6,"2024-09-30 18:10:39.264+00"
374,158,"35.67461039253554","23.271113954980226","552.6187843634492",True,True,2,"2024-09-30 18:11:09.28+00"
375,914,"39.498385137363286","51.59936856405183","419.81792473131",True,False,8,"2024-09-30 18:11:39.3+00"
376,519,"14.373189989874867","36.47460582704311","386.50533320953923",True,True,7,"2024-09-30 18:12:09.326+00"
377,836,"-6.82888029954578","5.2830174164886","598.5124654827614",False,True,5,"2024-09-30 18:12:39.34+00"
378,500,"49.40184576727373","35.19945815614023","376.1447866821115",True,True,3,"2024-09-30 18:13:09.36+00"
379,686,"30.779717654077288","78.9450400110205","610.396788173274",True,True,9,"2024-09-30 18:13:39.381+00"
380,424,"31.40052405649685","54.89006585595568","409.3288646116431",False,True,1,"2024-09-30 18:14:09.404+00"
381,262,"72.88681088624777","79.81839678012604","947.388829405792",True,True,4,"2024-09-30 18:14:39.43+00"
382,531,"20.346792129557542","88.5423793419005","814.6669617125763",False,True,7,"2024-09-30 18:15:09.452+00"
383,253,"61.889269623611966","28.053482256646987","312.8391814912083",True,False,5,"2024-09-30 18:15:39.477+00"
384,424,"15.67351845719007","85.44852448042788","1028.4517532708278",True,True,3,"2024-09-30 18:16:09.5+00"
385,502,"-11.748710168796187","36.16405841495369","405.7653682652692",True,True,1,"2024-09-30 18:16:39.525+00"
386,402,"41.23653789018692","85.7158672669073","671.4991613533073",False,False,5,"2024-09-30 18:17:09.549+00"
387,680,"-2.1544097593215668","39.48758256809948","1039.86127538094",True,False,4,"2024-09-30 18:17:39.572+00"
388,118,"76.34687564623653","27.49404559656048","609.8569672585068",False,True,6,"2024-09-30 18:18:09.596+00"
389,498,"-15.4185988419882","95.57699833145476","330.7171639736593",True,True,5,"2024-09-30 18:18:39.62+00"
390,286,"51.50525257641861","70.2664888972244","892.3413951100684",True,False,7,"2024-09-30 18:19:09.646+00"
391,380,"-29.108711554951505","86.93676702253133","918.534760617971",False,False,8,"2024-09-30 18:19:39.67+00"
392,602,"55.00085606182459","98.50308486453616","379.85154656978165",False,True,5,"2024-09-30 18:20:09.694+00"
393,341,"-2.2675272821185644","27.890078691302445","430.7382717593397",True,False,7,"2024-09-30 18:20:39.718+00"
394,228,"17.688766753053514","69.78224424704531","954.8610765714367",True,True,6,"2024-09-30 18:21:09.739+00"
395,51,"33.36962575583172","64.67004117443669","734.3489383132505",True,True,8,"2024-09-30 18:21:39.764+00"
396,974,"26.597218043839803","3.291874553228835","733.6359064247047",False,True,6,"2024-09-30 18:22:09.787+00"
397,477,"60.06401054362357","31.595884793884622","611.6041182455097",True,True,4,"2024-09-30 18:22:39.79+00"
398,980,"-37.85416459126755","41.70854816208409","664.8149587658247",False,True,6,"2024-09-30 18:23:09.814+00"
399,369,"33.03430739334583","37.053007958719064","548.6037748952602",False,True,1,"2024-09-30 18:23:39.822+00"
400,861,"-2.107515381421777","55.572331896408485","496.29144558148914",False,True,5,"2024-09-30 18:24:09.846+00"
401,663,"17.566975736907608","85.95305755349247","983.8992548041264",False,True,5,"2024-09-30 18:24:39.87+00"
402,921,"80.9303825405016","68.69347980784528","1067.6900557615852",True,True,3,"2024-09-30 18:25:09.895+00"
403,535,"47.849379508550896","64.3392223534374","743.7962958177271",True,True,1,"2024-09-30 18:25:39.919+00"
404,478,"55.00701265517725","71.34958522886292","891.6455065467787",True,True,2,"2024-09-30 18:26:09.94+00"
405,121,"30.98101937405616","47.26924849727367","979.7561831218707",True,False,4,"2024-09-30 18:26:39.965+00"
406,345,"29.61270512103121","28.17460972889507","807.5468439081744",False,True,4,"2024-09-30 18:27:09.988+00"
407,923,"-24.593919286904622","29.366930744075614","1088.9743480252794",False,False,8,"2024-09-30 18:27:40.007+00"
408,311,"42.50616519004481","85.90395742481776","384.0100683051395",True,True,5,"2024-09-30 18:28:10.03+00"
409,124,"55.84628991257944","6.904528059062742","783.9592275128252",False,False,6,"2024-09-30 18:28:40.055+00"
410,180,"42.77951433831987","62.30275760744954","755.3982404247133",True,True,3,"2024-09-30 18:29:10.079+00"
411,25,"65.35871375221994","79.60591438793274","1035.31293543072",False,True,8,"2024-09-30 18:29:40.104+00"
412,893,"56.179332789897984","15.979685794347409","433.2107763390695",True,False,3,"2024-09-30 18:30:10.128+00"
413,240,"-30.984214705927734","79.368101184336","590.6891362237637",False,True,7,"2024-09-30 18:30:40.153+00"
414,443,"77.99878154018525","32.92474500640452","987.4500744443925",False,True,7,"2024-09-30 18:31:10.177+00"
415,806,"-21.998393881614113","23.479721743544822","431.23075411975265",True,False,3,"2024-09-30 18:31:40.205+00"
416,22,"66.62627094050828","56.85820944261788","653.6723356646061",False,True,1,"2024-09-30 18:32:10.227+00"
417,786,"-36.65227820240962","12.77241570901786","1046.1972030371212",False,True,9,"2024-09-30 18:32:40.251+00"
418,226,"-8.134007651186707","99.37799607034945","819.4260690791765",True,True,4,"2024-09-30 18:33:10.275+00"
419,691,"33.47755682343352","25.165182108372953","865.7367121870923",True,False,5,"2024-09-30 18:33:40.3+00"
420,524,"29.8248665301969","72.98807757266448","881.0533092223991",True,False,3,"2024-09-30 18:34:10.31+00"
421,268,"17.732522818324277","85.6111398938377","577.6046714795285",True,True,5,"2024-09-30 18:34:40.335+00"
422,10,"12.405269012803458","20.75288728517457","395.57316336811914",True,True,9,"2024-09-30 18:35:10.36+00"
423,168,"53.749380163775626","81.70557353347378","417.6714224547114",True,False,2,"2024-09-30 18:35:40.38+00"
424,487,"68.56213713364967","12.00347808888802","323.3999042127943",True,True,4,"2024-09-30 18:36:10.404+00"
425,120,"17.1535237625298","61.98196363219684","888.312086419891",False,False,3,"2024-09-30 18:36:40.428+00"
426,887,"-26.458212981691062","15.318118098299083","422.48755534980285",True,True,8,"2024-09-30 18:37:10.453+00"
427,787,"56.16650496799248","86.49011689462107","1077.1704558881156",False,True,7,"2024-09-30 18:37:40.477+00"
428,29,"66.55628746819826","51.27122840543341","316.7705879179625",True,False,2,"2024-09-30 18:38:10.5+00"
429,691,"-32.94183343586306","77.8386401829092","1045.9893373885348",False,False,6,"2024-09-30 18:38:40.5+00"
430,733,"58.098336423951025","19.76530911222556","1042.706212338273",False,False,8,"2024-09-30 18:39:10.525+00"
431,106,"39.30885819394854","21.25973173011426","416.04372901264634",True,False,5,"2024-09-30 18:39:40.54+00"
432,891,"69.75375320438461","70.36854671324251","853.366555997922",True,False,6,"2024-09-30 18:40:10.563+00"
433,100,"70.65653581766716","61.78361651076478","851.7744824814483",True,True,4,"2024-09-30 18:40:40.589+00"
434,503,"-38.95858613451191","9.152917961167727","379.78754519179085",True,False,2,"2024-09-30 18:41:10.611+00"
435,970,"63.51538713556701","92.33746291797758","605.7741516338681",True,True,8,"2024-09-30 18:41:40.635+00"
436,894,"82.16547056101362","80.39866575675936","477.1363315360526",True,True,4,"2024-09-30 18:42:10.66+00"
437,333,"71.54150786182562","14.392692760207492","433.31336160025205",False,False,7,"2024-09-30 18:42:40.683+00"
438,27,"-31.980763245836563","46.26582119883456","568.3420374087293",True,True,6,"2024-09-30 18:43:10.709+00"
439,897,"11.835091404234426","73.91219397099704","853.2100104159393",False,False,4,"2024-09-30 18:43:40.734+00"
440,900,"79.56087429567816","69.00707060576627","719.1158065251797",True,False,5,"2024-09-30 18:44:10.758+00"
441,753,"-29.8349174303272","5.542739043471334","910.0060320731232",True,True,5,"2024-09-30 18:44:40.781+00"
442,663,"9.98365468572419","92.11244771254007","643.0775524519728",False,True,4,"2024-09-30 18:45:10.806+00"
443,998,"23.362243360179313","35.69592402653448","559.6610582240617",False,True,8,"2024-09-30 18:45:40.82+00"
444,720,"-1.1773926308856417","49.40410283667873","984.2185896013012",False,True,7,"2024-09-30 18:46:10.845+00"
445,511,"1.7105395153793381","75.61764619439919","966.888738282971",False,True,6,"2024-09-30 18:46:40.87+00"
446,336,"10.583253131169847","24.94750080385886","823.0837818795436",True,True,8,"2024-09-30 18:47:10.894+00"
447,592,"23.000854812302165","99.1392482466827","353.6145619660077",True,True,8,"2024-09-30 18:47:40.919+00"
448,877,"71.76307353329776","84.44111233956394","528.5053692065771",True,False,2,"2024-09-30 18:48:10.943+00"
449,782,"52.719748593923654","56.14895755238618","392.4281298382157",False,True,5,"2024-09-30 18:48:40.967+00"
450,764,"57.768456664084766","5.646103296555238","448.7255013913119",False,True,5,"2024-09-30 18:49:10.991+00"
451,964,"56.972923153494406","74.70625084395715","903.1686517023442",False,False,3,"2024-09-30 18:49:41.01+00"
452,637,"13.132411270127577","36.54783582699077","392.0815632330699",False,False,4,"2024-09-30 18:50:11.035+00"
453,607,"32.91146155247702","71.15332729281938","365.25451823275785",False,False,2,"2024-09-30 18:50:41.058+00"
454,724,"-23.91233766002209","51.03328336892432","726.8180052793584",True,False,7,"2024-09-30 18:51:11.083+00"
455,896,"-34.344992485356684","50.78769223103552","376.84159913112205",True,False,6,"2024-09-30 18:51:41.106+00"
456,643,"-4.718647376969912","51.898234167234534","407.352441094881",False,True,6,"2024-09-30 18:52:11.131+00"
457,672,"-34.72279845502748","78.75279688717856","615.7757425121417",False,False,2,"2024-09-30 18:52:41.157+00"
458,564,"-12.144785400653717","21.275400436626015","1030.2063848149032",True,False,8,"2024-09-30 18:53:11.18+00"
459,207,"14.19803764656048","62.27966259701905","447.9998464880149",True,False,3,"2024-09-30 18:53:41.204+00"
460,598,"43.57740966462326","42.843512595854925","1036.5384270292889",False,True,7,"2024-09-30 18:54:11.228+00"
461,13,"-17.246717977575173","43.17854955628886","596.7432137188523",True,True,6,"2024-09-30 18:54:41.253+00"
462,90,"-3.2371693893372893","7.99082859130511","924.0180583920938",True,True,7,"2024-09-30 18:55:11.276+00"
463,943,"-31.5758929567286","30.72131518676602","1002.9812570912068",True,False,5,"2024-09-30 18:55:41.301+00"
464,660,"79.18706998973546","52.17968023965132","739.054774474454",False,False,2,"2024-09-30 18:56:11.325+00"
465,994,"42.125667833126855","24.06185180907596","395.61706006073564",True,False,4,"2024-09-30 18:56:41.35+00"
466,933,"-32.09868020141101","36.054440121162216","1026.5442505894785",False,False,6,"2024-09-30 18:57:11.351+00"
467,5,"23.39565185979221","31.432475452145404","1085.9442024264256",False,True,6,"2024-09-30 18:57:41.365+00"
468,69,"75.15135161547698","55.72026317154204","435.27596526737466",False,False,3,"2024-09-30 18:58:11.391+00"
469,66,"62.03728893561035","58.661226495249316","963.6709759173517",False,False,5,"2024-09-30 18:58:41.415+00"
470,799,"-10.051579721012331","68.4330743913645","994.5558831671965",True,True,1,"2024-09-30 18:59:11.438+00"
471,976,"32.48977416555711","57.99891894439981","700.9021283218772",True,True,8,"2024-09-30 18:59:41.463+00"
472,277,"36.38867290762427","23.404024670324517","739.02475085214",False,True,2,"2024-09-30 19:00:11.481+00"
473,811,"-33.641988934713005","76.93657889030038","620.7923588683931",False,True,6,"2024-09-30 19:00:41.505+00"
474,94,"72.11959100598465","48.358339530624136","743.7510551225544",False,False,2,"2024-09-30 19:01:11.529+00"
475,587,"0.007709097007790433","38.58379879482603","591.3590841314758",True,False,5,"2024-09-30 19:01:41.552+00"
476,971,"-35.140231608195755","99.25385737009921","770.6149491693923",True,True,5,"2024-09-30 19:02:11.576+00"
477,495,"-17.375524482118312","37.65131486147102","840.0443922362632",False,False,1,"2024-09-30 19:02:41.6+00"
478,699,"29.63691351404846","99.80474552706052","700.2538625284997",False,True,5,"2024-09-30 19:03:11.624+00"
479,978,"-29.14713552169428","15.719375512548694","963.4275355554314",False,False,1,"2024-09-30 19:03:41.648+00"
480,606,"5.720350548503156","58.24295726997868","1056.3232640719384",True,True,6,"2024-09-30 19:04:11.67+00"
481,344,"52.790744940189214","89.59797683379331","388.277366536931",True,True,8,"2024-09-30 19:04:41.695+00"
482,882,"-35.68842308958236","82.947683345619","843.1909029812607",True,False,5,"2024-09-30 19:05:11.72+00"
483,2,"54.562958507619896","25.050467340722538","588.5529390960703",True,True,9,"2024-09-30 19:05:41.743+00"
484,260,"4.097347758965981","88.25068448261976","968.7252455767922",True,True,7,"2024-09-30 19:06:11.769+00"
485,419,"-13.323048463997644","60.2777572392726","1038.3679630853894",False,False,4,"2024-09-30 19:06:41.792+00"
486,338,"84.63514486730337","84.8965221355112","742.5219221244984",True,True,7,"2024-09-30 19:07:11.816+00"
487,524,"80.82376741617371","1.737337563019703","1019.0015871368971",False,True,2,"2024-09-30 19:07:41.84+00"
488,937,"-30.17976354375564","3.918694919279342","633.1954436549031",True,True,1,"2024-09-30 19:08:11.863+00"
489,217,"62.442397057525554","50.62872646473331","355.90632025075325",True,True,5,"2024-09-30 19:08:41.887+00"
490,354,"54.90923470195689","25.805137717602733","374.0531533524374",True,True,5,"2024-09-30 19:09:11.909+00"
491,176,"-25.20751750297142","69.39912456811965","776.7178741953205",False,True,8,"2024-09-30 19:09:41.934+00"
492,691,"9.951570426339295","95.84392598330764","437.48023246797027",False,True,1,"2024-09-30 19:10:11.957+00"
493,679,"18.28104702854639","77.33535894503531","949.4218340004755",True,False,8,"2024-09-30 19:10:41.983+00"
494,865,"24.138289255474376","0.678173941668403","497.38547720343024",True,False,6,"2024-09-30 19:11:12.006+00"
495,342,"8.326219345118574","7.821764208319837","626.0355109962253",False,False,4,"2024-09-30 19:11:42.03+00"
496,582,"-4.760667967242327","40.17982182267181","620.4570086621152",False,False,8,"2024-09-30 19:12:12.055+00"
497,256,"80.01216877899265","2.3414693855525748","368.1265734061757",False,False,9,"2024-09-30 19:12:42.079+00"
498,429,"-8.05829078334299","35.45553018171581","418.51980621530043",False,False,6,"2024-09-30 19:13:12.103+00"
499,651,"12.010466692767018","57.56410784233255","472.20876766720767",True,False,7,"2024-09-30 19:13:42.129+00"
500,156,"11.463901572614603","1.580396779732185","1072.9892351507083",True,False,5,"2024-09-30 19:14:12.152+00"
501,155,"-24.475101698492253","99.47352147485556","590.0503865413095",False,True,4,"2024-09-30 19:14:42.177+00"
502,1005,"-18.328473215360482","12.648975455166456","629.272498699312",False,True,7,"2024-09-30 19:15:12.209+00"
503,759,"51.13584086162754","12.436438747874522","428.61161691359314",True,True,8,"2024-09-30 19:15:42.224+00"
504,934,"-2.610327057875608","12.32279216105514","393.9168263527481",False,True,4,"2024-09-30 19:16:12.249+00"
505,5,"73.01490227073863","3.72965260704774","540.5465729563532",True,True,4,"2024-09-30 19:16:42.269+00"
506,609,"23.82032114769509","76.23517335476832","484.5426062367279",True,False,5,"2024-09-30 19:17:12.295+00"
507,246,"-23.437260995250224","91.28589583438567","379.2039696167046",False,False,5,"2024-09-30 19:17:42.31+00"
508,608,"-24.092834953211927","33.02918579903782","839.8807379865727",False,False,5,"2024-09-30 19:18:12.336+00"
509,28,"9.995033143697796","80.54433685469053","433.56776346887216",True,True,1,"2024-09-30 19:18:42.36+00"
510,486,"-10.560114765796929","44.848635382807764","346.5155841671004",True,False,6,"2024-09-30 19:19:12.384+00"
511,25,"78.57752996950147","50.71616719305443","345.53522975125526",True,False,4,"2024-09-30 19:19:42.407+00"
512,102,"10.726876981634085","87.1916369201379","436.81865450764724",False,True,5,"2024-09-30 19:20:12.428+00"
513,105,"19.231814706006745","90.8069794736172","696.2765633935643",True,False,3,"2024-09-30 19:20:42.452+00"
514,17,"14.906237983357947","4.707365862735524","407.14362793169664",False,True,2,"2024-09-30 19:21:12.476+00"
515,429,"53.74357420108534","75.93977557474878","732.7423065453597",False,False,8,"2024-09-30 19:21:42.5+00"
516,294,"-19.96605152230748","77.74611299586405","936.7966792635981",False,False,5,"2024-09-30 19:22:12.525+00"
517,349,"28.238685231212315","10.699448353713436","365.01279042398437",False,False,4,"2024-09-30 19:22:42.549+00"
518,481,"17.56755738486349","2.708459422151921","1077.7148767674603",False,False,2,"2024-09-30 19:23:12.57+00"
519,315,"74.50859250870631","94.35912770115411","874.7208285689642",True,True,7,"2024-09-30 19:23:42.599+00"
520,537,"69.24168857212516","61.92000840718925","459.1358616332792",True,False,3,"2024-09-30 19:24:12.622+00"
521,886,"30.27627710019013","9.954682521474645","944.1171022259216",False,True,8,"2024-09-30 19:24:42.646+00"
522,598,"-1.678191540711076","43.605938446278","753.0455295510476",False,False,3,"2024-09-30 19:25:12.671+00"
523,752,"21.231427718782868","31.44093236513621","992.3058452352122",False,False,4,"2024-09-30 19:25:42.694+00"
524,380,"69.63122318435909","83.81051314896224","611.796029584485",True,False,3,"2024-09-30 19:26:12.72+00"
525,121,"64.01383855100971","15.70348605150793","405.84820393879664",True,True,3,"2024-09-30 19:26:42.744+00"
526,711,"-34.28442773532458","21.99867376717599","992.4197131630207",True,True,8,"2024-09-30 19:27:12.769+00"
527,124,"-37.184548209585934","28.014831125001336","922.5045700563275",True,True,2,"2024-09-30 19:27:42.793+00"
528,998,"66.83408709911332","73.29495664855285","536.9713942487779",True,False,5,"2024-09-30 19:28:12.818+00"
529,66,"63.37602689672387","51.768580435886506","932.7289213554506",True,False,5,"2024-09-30 19:28:42.842+00"
530,266,"23.47535092290724","64.93580813207322","371.9746771431346",True,False,7,"2024-09-30 19:29:12.866+00"
531,705,"45.528371430865334","8.020489414595723","711.0371672555059",False,True,8,"2024-09-30 19:29:42.89+00"
532,426,"3.641311346006212","46.4909585578243","380.6820123305579",False,True,5,"2024-09-30 19:30:12.915+00"
533,966,"-30.273392187046518","49.55592884957962","339.118612446852",False,False,7,"2024-09-30 19:30:42.92+00"
534,882,"43.639975703653505","76.973232016589","959.5654239091149",True,True,5,"2024-09-30 19:31:12.943+00"
535,555,"26.849849775495798","38.635496838604745","681.1255052525783",False,True,7,"2024-09-30 19:31:42.969+00"
536,365,"26.13581464679355","31.42222819258158","919.4525782878167",False,True,5,"2024-09-30 19:32:12.993+00"
537,726,"37.863241278688676","32.35910497931756","619.798915073012",False,True,7,"2024-09-30 19:32:43.018+00"
538,199,"-10.254439006658977","50.211567326538486","394.1957124585759",True,True,6,"2024-09-30 19:33:13.042+00"
539,950,"24.070135113621646","56.25090592624655","713.1597127789439",True,True,6,"2024-09-30 19:33:43.067+00"
540,1019,"4.023216169921277","11.100408122899431","503.9541413555778",False,False,3,"2024-09-30 19:34:13.092+00"
541,1006,"-29.264493240633424","28.469474930308337","341.78460250176454",False,False,8,"2024-09-30 19:34:43.117+00"
542,33,"34.89322833844189","50.041342578042446","791.3962856948572",True,True,8,"2024-09-30 19:35:13.141+00"
543,719,"13.011599540336519","84.48883299096002","984.1372900513246",False,False,7,"2024-09-30 19:35:43.161+00"
544,446,"-15.665232358682633","84.94777116134739","1047.8341132167106",False,True,6,"2024-09-30 19:36:13.181+00"
545,273,"45.22773230811845","44.40028199256896","976.3090160829513",True,True,3,"2024-09-30 19:36:43.2+00"
546,991,"36.9975832946358","89.77424575068763","656.7096748492058",False,False,3,"2024-09-30 19:37:13.225+00"
547,577,"-5.88356925757121","16.783082458299738","501.2201485397094",False,False,5,"2024-09-30 19:37:43.248+00"
548,5,"38.83079549150254","16.004616431841413","343.2865635732842",True,True,6,"2024-09-30 19:38:13.273+00"
549,52,"28.75896669940812","99.76068132833218","703.9106320397575",True,False,2,"2024-09-30 19:38:43.297+00"
550,809,"-22.560560590221122","39.85789491709808","1074.3179032436349",True,False,1,"2024-09-30 19:39:13.323+00"
551,452,"0.02671191242190929","77.65294192820417","686.1244129892152",False,True,9,"2024-09-30 19:39:43.33+00"
552,148,"20.34676234823683","55.96263193852127","870.9385165588868",True,False,3,"2024-09-30 19:40:13.355+00"
553,64,"73.23302638227464","99.58404345249114","388.32874495161127",False,False,4,"2024-09-30 19:40:43.378+00"
554,128,"-0.6516346440076859","63.113615710691164","821.0031836281789",True,False,8,"2024-09-30 19:41:13.403+00"
555,440,"39.50569834491564","1.7190669033782413","304.3004661178298",False,False,4,"2024-09-30 19:41:43.421+00"
556,394,"48.47294356691549","95.79956692887161","746.2625320121026",True,False,6,"2024-09-30 19:42:13.444+00"
557,101,"30.39442809638099","25.10640365860013","1077.6562842405715",False,True,6,"2024-09-30 19:42:43.468+00"
558,593,"-13.623301920904517","60.99992088703659","503.24963746600633",False,True,7,"2024-09-30 19:43:13.492+00"
559,795,"-0.3534143851054665","64.14051297818504","334.4507210063259",True,True,1,"2024-09-30 19:43:43.5+00"
560,517,"42.86223056087172","94.91109671384822","739.8023456218073",True,False,4,"2024-09-30 19:44:13.526+00"
561,548,"37.85002134840596","45.0531291339973","473.9478929207138",True,True,8,"2024-09-30 19:44:43.54+00"
562,607,"72.56592885177685","90.69079874613718","733.1536785584626",False,False,3,"2024-09-30 19:45:13.565+00"
563,291,"68.53825269482631","66.34313163017237","644.8088741998276",False,False,8,"2024-09-30 19:45:43.58+00"
564,234,"-34.37272763881329","21.376622061653094","319.5739014020395",True,True,2,"2024-09-30 19:46:13.604+00"
565,739,"-15.110163405926599","98.16195300348272","682.554788830181",True,False,2,"2024-09-30 19:46:43.62+00"
566,107,"51.77939212847127","34.94080268996562","737.5290328724589",True,True,3,"2024-09-30 19:47:13.645+00"
567,35,"70.3884556443325","23.914144542036574","747.3460495674835",True,False,7,"2024-09-30 19:47:43.669+00"
568,98,"61.34794416247888","50.538305486530334","613.6298338706375",True,False,9,"2024-09-30 19:48:13.693+00"
569,494,"-8.074846856359304","50.60865559414529","942.8623249175116",False,True,2,"2024-09-30 19:48:43.716+00"
570,504,"-4.532358284180937","60.30904859157544","741.8331502557573",True,False,8,"2024-09-30 19:49:13.74+00"
571,223,"-14.193977188125228","71.26611124003723","483.7137909150023",True,False,5,"2024-09-30 19:49:43.764+00"
572,1017,"-11.642400372592586","96.13644120179465","389.06124251655797",True,True,2,"2024-09-30 19:50:13.788+00"
573,419,"-9.555775790827244","49.12382566012185","776.52348126965",True,True,1,"2024-09-30 19:50:43.81+00"
574,926,"80.30762568463113","3.937376840921658","1049.5833470167668",False,True,7,"2024-09-30 19:51:13.834+00"
575,374,"34.01265947269573","36.3442491332014","1039.8488187601104",False,True,7,"2024-09-30 19:51:43.859+00"
576,63,"-5.907863421596566","79.26762704642061","792.4990723477865",False,True,6,"2024-09-30 19:52:13.883+00"
577,864,"-18.271484244043283","82.8393712975045","309.83457405276215",False,False,4,"2024-09-30 19:52:43.901+00"
578,581,"50.91130313147261","71.75746694868982","880.5865005894601",False,False,4,"2024-09-30 19:53:13.925+00"
579,865,"46.39085327563198","47.477627594629766","646.1453108627994",True,True,8,"2024-09-30 19:53:43.94+00"
580,498,"21.350969339658448","62.850661662515805","665.9907968216723",True,False,2,"2024-09-30 19:54:13.964+00"
581,825,"25.758577283480633","36.67622903300256","488.70238332655447",True,False,3,"2024-09-30 19:54:43.989+00"
582,125,"68.74133567384042","77.06435940495442","743.0462443232836",True,True,7,"2024-09-30 19:55:14.01+00"
583,201,"25.098203670758494","84.69614310622897","553.9048242376269",True,True,8,"2024-09-30 19:55:44.035+00"
584,30,"-23.345705294669887","17.83232727246751","364.32486592132364",True,False,4,"2024-09-30 19:56:14.059+00"
585,1,"8.013765052453586","49.88873143455517","612.3732082888429",True,False,2,"2024-09-30 19:56:44.081+00"
586,606,"-31.15854017488875","29.75190500528948","676.147379884223",False,True,7,"2024-09-30 19:57:14.105+00"
587,381,"21.140044583015083","93.91426826734843","614.0518103289834",False,False,2,"2024-09-30 19:57:44.128+00"
588,266,"1.4726444573628186","51.357526607871186","311.00090297903444",False,True,9,"2024-09-30 19:58:14.154+00"
589,299,"-32.85391379989332","73.00524704840001","763.0071760853455",True,True,5,"2024-09-30 19:58:44.178+00"
590,774,"31.000056625384246","77.02300052707398","794.5721425214451",False,False,5,"2024-09-30 19:59:14.201+00"
591,367,"58.6369838708105","63.311054742765194","325.23463964850714",True,False,5,"2024-09-30 19:59:44.221+00"
592,235,"-36.343840236254465","96.40425198698195","438.9325968029864",True,False,1,"2024-09-30 20:00:14.245+00"
593,689,"66.35713478140993","60.02532150743187","975.2004237550752",True,False,7,"2024-09-30 20:00:44.269+00"
594,450,"-10.290072146546528","58.22245895082809","603.7907395089514",False,False,5,"2024-09-30 20:01:14.294+00"
595,48,"80.40383410111666","62.97107973425173","843.1973228235187",True,False,3,"2024-09-30 20:01:44.319+00"
596,518,"-35.961461610617796","75.20794017657279","531.9566260857453",False,True,4,"2024-09-30 20:02:14.343+00"
597,96,"11.839219654255977","60.12177373631145","989.9687942256492",False,True,6,"2024-09-30 20:02:44.367+00"
598,944,"65.08235694115514","8.771052091585862","920.0537708296438",True,True,2,"2024-09-30 20:03:14.375+00"
599,937,"82.46695527442749","26.776794536607373","906.9123731774715",True,False,2,"2024-09-30 20:03:44.398+00"
600,785,"44.62721787621274","71.17342795393635","542.0110069516817",True,True,1,"2024-09-30 20:04:14.41+00"
601,294,"11.60345368296121","5.45056079347781","959.367343277582",True,True,8,"2024-09-30 20:04:44.436+00"
602,222,"41.96811810689175","44.75990398083294","746.8415601966134",True,True,1,"2024-09-30 20:05:14.45+00"
603,623,"-19.775999018649784","81.74030053208237","605.8029748288199",True,False,3,"2024-09-30 20:05:44.476+00"
604,827,"46.88260999976485","94.04944851180355","817.308163048169",True,False,8,"2024-09-30 20:06:14.499+00"
605,264,"14.357513545763766","52.5997120909996","1007.1744962574166",False,True,3,"2024-09-30 20:06:44.52+00"
606,949,"53.95632260913861","49.14442677160973","407.85909858664945",False,False,5,"2024-09-30 20:07:14.545+00"
607,944,"70.53556858638325","35.084192061363105","669.0658381808821",True,False,6,"2024-09-30 20:07:44.57+00"
608,0,"43.73685207995152","78.8501904667359","487.4694203378971",False,True,6,"2024-09-30 20:08:14.59+00"
609,375,"39.93816488957495","3.02466125069758","1085.3024837605265",True,True,5,"2024-09-30 20:08:44.615+00"
610,651,"23.24130776186626","25.506977834217693","451.2147846326794",False,False,4,"2024-09-30 20:09:14.639+00"
611,333,"53.415834846745284","14.382955840746025","647.8239017760226",True,True,3,"2024-09-30 20:09:44.663+00"
612,132,"1.3543020074104675","47.22216191169415","799.6470167084636",True,True,1,"2024-09-30 20:10:14.688+00"
613,952,"30.820234500362616","40.26113861343303","945.0010510128758",False,False,4,"2024-09-30 20:10:44.71+00"
614,678,"0.13043109774908146","35.481794245246824","663.7879835721412",False,False,9,"2024-09-30 20:11:14.735+00"
615,586,"6.742546786595426","49.58430174065636","603.8628818139683",True,True,7,"2024-09-30 20:11:44.758+00"
616,526,"5.5111279780604505","33.950144445034034","801.2147589570732",True,False,7,"2024-09-30 20:12:14.782+00"
617,50,"14.837968432477403","74.45974062726025","594.9700894541387",False,False,2,"2024-09-30 20:12:44.8+00"
618,600,"0.35939108256550156","45.416303759805274","476.55879207354667",False,False,6,"2024-09-30 20:13:14.826+00"
619,515,"-28.081064532982225","41.59706770237661","323.5681971992813",False,True,4,"2024-09-30 20:13:44.85+00"
620,259,"21.43194964266857","65.33283713715501","333.3705724178188",True,True,1,"2024-09-30 20:14:14.874+00"
621,1003,"26.325075426694355","54.898964630375936","811.8351610703587",False,False,3,"2024-09-30 20:14:44.897+00"
622,209,"52.31525302124005","98.22750623259277","705.9119968177351",False,True,2,"2024-09-30 20:15:14.922+00"
623,557,"46.06799176761271","31.308059914999255","444.74800162110523",True,True,1,"2024-09-30 20:15:44.945+00"
624,880,"-9.255776773211895","55.19030615338456","958.074605899254",False,True,7,"2024-09-30 20:16:14.97+00"
625,769,"-19.177290636247672","26.978596263917453","626.9130733462937",False,True,3,"2024-09-30 20:16:44.993+00"
626,620,"58.306508417564004","25.790704054439306","598.8062697647251",False,True,4,"2024-09-30 20:17:15.019+00"
627,918,"32.69698615349631","8.815281453463841","551.0758229231556",True,True,5,"2024-09-30 20:17:45.042+00"
628,363,"22.644715412947612","27.829714011124796","850.759169197358",True,False,3,"2024-09-30 20:18:15.067+00"
629,635,"-38.07949883219768","96.36637467640841","637.2449512465107",False,True,5,"2024-09-30 20:18:45.09+00"
630,164,"-20.89853681256356","40.45175806171413","739.947490522922",True,False,7,"2024-09-30 20:19:15.114+00"
631,309,"-3.238644523199625","40.29190992919438","601.4152810441142",False,False,2,"2024-09-30 20:19:45.138+00"
632,840,"16.965537412165787","6.677791082975171","1081.623518345677",False,True,8,"2024-09-30 20:20:15.163+00"
633,807,"59.59547039216457","32.822577197313585","924.3994087689099",False,True,3,"2024-09-30 20:20:45.18+00"
634,473,"51.633387473148616","6.445191686976814","805.2531281422564",True,False,4,"2024-09-30 20:21:15.205+00"
635,361,"19.44079605169525","94.6788766214929","979.7993013021044",True,True,6,"2024-09-30 20:21:45.229+00"
636,689,"83.08095353666154","73.5510340354695","404.53971667520193",True,False,4,"2024-09-30 20:22:15.253+00"
637,289,"54.719184952605445","71.2667256498135","848.027310082602",True,False,7,"2024-09-30 20:22:45.271+00"
638,951,"68.67105421314498","81.28224465074565","796.0788310113252",False,False,2,"2024-09-30 20:23:15.294+00"
639,830,"-9.543996099246076","45.91971058738904","315.0495823512742",True,False,2,"2024-09-30 20:23:45.318+00"
640,313,"-15.280771935485653","98.12468923101659","868.596790867876",True,True,1,"2024-09-30 20:24:15.343+00"
641,971,"82.32233859786099","32.7173990957623","415.0174668231628",False,True,7,"2024-09-30 20:24:45.367+00"
642,242,"73.91933862712145","96.52401371141515","685.7162852693325",True,True,3,"2024-09-30 20:25:15.392+00"
643,354,"-16.298389116419308","8.414369710040548","1056.2556114054105",False,False,3,"2024-09-30 20:25:45.415+00"
644,476,"-39.69590913151621","63.682816391390396","967.0197929871777",False,False,6,"2024-09-30 20:26:15.44+00"
645,775,"60.79146344194076","1.5377050426293337","944.8065771996532",True,True,5,"2024-09-30 20:26:45.464+00"
646,912,"-37.786202863670866","85.60194054183819","450.9985864120529",False,False,6,"2024-09-30 20:27:15.489+00"
647,126,"32.80084603082493","95.47507158004134","966.9851020404916",False,True,6,"2024-09-30 20:27:45.511+00"
648,921,"54.888754339006894","77.90413961659459","429.30232746616747",True,True,3,"2024-09-30 20:28:15.535+00"
649,918,"36.23842668761654","35.30414271885258","928.1251010520066",False,True,9,"2024-09-30 20:28:45.558+00"
650,782,"30.04466981116869","92.08428506134776","1086.732637531341",False,True,8,"2024-09-30 20:29:15.584+00"
651,1021,"68.53996866294833","19.322706043681805","582.5944622326638",True,False,5,"2024-09-30 20:29:45.605+00"
652,944,"62.61060745288103","99.4045704655647","929.0113348816292",False,False,9,"2024-09-30 20:30:15.63+00"
653,945,"83.25610053103046","96.66448716393705","974.2871153606984",False,True,5,"2024-09-30 20:30:45.653+00"
654,74,"67.12810234871553","88.50454294103262","344.3587510940146",True,True,6,"2024-09-30 20:31:15.677+00"
655,991,"6.726912616198938","45.39279772307321","884.9217000099047",False,False,1,"2024-09-30 20:31:45.702+00"
656,826,"35.148751134552995","59.76115240238924","664.9505100478193",True,True,6,"2024-09-30 20:32:15.726+00"
657,691,"20.679398258538605","19.41292142045046","367.2076554831248",True,True,3,"2024-09-30 20:32:45.74+00"
658,435,"-30.056778598504465","39.59456820971226","382.43450350218427",True,False,5,"2024-09-30 20:33:15.765+00"
659,962,"-20.948915628208795","40.35063188338912","450.0380640344531",True,False,6,"2024-09-30 20:33:45.788+00"
660,541,"-24.117460135969512","89.15436583650305","677.7028785643548",True,False,6,"2024-09-30 20:34:15.812+00"
661,134,"62.131416222029344","67.72792776697207","350.8601591196724",True,False,8,"2024-09-30 20:34:45.837+00"
662,157,"-39.59200991556315","94.19657992539658","465.7585877863618",True,False,6,"2024-09-30 20:35:15.86+00"
663,360,"2.1746759100880553","19.646909741536","785.1027485678893",False,True,9,"2024-09-30 20:35:45.884+00"
664,20,"-0.6162363722666768","29.810549034021317","693.7130335780116",True,False,3,"2024-09-30 20:36:15.91+00"
665,989,"-1.0153290507669226","82.89166001839882","457.58940336694263",False,False,5,"2024-09-30 20:36:45.932+00"
666,900,"38.41749803486745","76.27750052842256","499.5717391382188",True,False,6,"2024-09-30 20:37:15.956+00"
667,1009,"34.765768572090636","93.17767079493132","594.7316325363381",True,False,6,"2024-09-30 20:37:45.981+00"
668,434,"10.677622046486874","81.58887455064865","965.6953599822643",False,False,4,"2024-09-30 20:38:16.005+00"
669,162,"-30.035289004269984","28.80982705672144","436.20819682062177",False,True,8,"2024-09-30 20:38:46.021+00"
670,743,"-23.6589925504253","82.96065688807144","721.4757396974853",True,False,3,"2024-09-30 20:39:16.044+00"
671,919,"-31.249223207212623","29.720720460780225","929.7972278538272",True,False,9,"2024-09-30 20:39:46.069+00"
672,1003,"75.45958934685324","94.91375561711183","676.9966506153748",True,True,9,"2024-09-30 20:40:16.09+00"
673,484,"68.14802830712821","12.539118726993092","655.9431599507095",False,False,7,"2024-09-30 20:40:46.115+00"
674,945,"13.257499328271393","77.34234652349647","847.4146871844953",False,False,1,"2024-09-30 20:41:16.139+00"
675,609,"-38.39145535359541","23.147816974147762","1099.4493275350574",False,False,6,"2024-09-30 20:41:46.151+00"
676,320,"70.0274053782849","34.752141392701105","595.7271482803577",False,True,4,"2024-09-30 20:42:16.177+00"
677,608,"36.89165054409946","26.881745547097303","668.9748465001783",False,False,8,"2024-09-30 20:42:46.199+00"
678,674,"-38.29987470753564","82.95581934704681","426.872920896405",False,False,8,"2024-09-30 20:43:16.223+00"
679,165,"-33.683073389634465","92.98904891321487","443.4320267394286",False,False,2,"2024-09-30 20:43:46.247+00"
680,1016,"36.11288530313901","49.51574928574334","605.3596036811269",True,False,4,"2024-09-30 20:44:16.27+00"
681,685,"62.9133226936591","68.11793855433186","728.8173636850182",True,False,7,"2024-09-30 20:44:46.294+00"
682,353,"21.410798388856932","55.914815270787074","446.7739925128876",False,True,4,"2024-09-30 20:45:16.32+00"
683,1005,"28.883928288686008","80.41443504814674","375.12210338211264",True,False,8,"2024-09-30 20:45:46.343+00"
684,690,"6.595665302931025","56.94258669589034","1042.9163109798287",False,False,9,"2024-09-30 20:46:16.368+00"
685,499,"-28.227194914811953","92.75146171184541","747.2565153423845",True,True,7,"2024-09-30 20:46:46.371+00"
686,802,"-4.362707015457119","61.81054257033794","675.4093821655166",False,True,7,"2024-09-30 20:47:16.395+00"
687,230,"2.64046006475958","45.611883463578984","933.1134710684842",True,True,3,"2024-09-30 20:47:46.419+00"
688,50,"64.21816397225767","45.807405388707934","881.9482900397261",False,True,6,"2024-09-30 20:48:16.432+00"
689,776,"78.78410966318134","33.44549410885291","536.8889738199938",False,False,8,"2024-09-30 20:48:46.455+00"
690,275,"-10.190456996856632","89.09532566817609","649.4548524881893",False,True,5,"2024-09-30 20:49:16.47+00"
691,353,"23.42532704729917","50.00184000027359","656.4423039262225",False,True,1,"2024-09-30 20:49:46.484+00"
692,758,"52.42002699567692","0.9681464429425413","610.4554043676453",False,True,2,"2024-09-30 20:50:16.509+00"
693,36,"14.646975768375128","11.48475978418757","848.0502001651694",False,True,4,"2024-09-30 20:50:46.533+00"
694,106,"71.44446818062892","52.076536228531566","952.6191419843617",False,False,8,"2024-09-30 20:51:16.556+00"
695,903,"13.852430278321314","89.7027184218424","860.2917882190225",True,True,2,"2024-09-30 20:51:46.58+00"
696,900,"28.83837961324498","98.16244349533254","869.3124538734515",False,True,9,"2024-09-30 20:52:16.604+00"
697,316,"-27.602685635035005","76.0602424300614","566.0765226719643",True,True,8,"2024-09-30 20:52:46.628+00"
698,1012,"21.80021760669291","4.140001964609152","487.60788738837437",True,True,6,"2024-09-30 20:53:16.653+00"
699,414,"-36.174234566415876","23.977129025960075","836.9356697042533",False,True,3,"2024-09-30 20:53:46.677+00"
700,40,"68.36748626001821","59.96978644171706","1066.2837689274745",False,True,3,"2024-09-30 20:54:16.7+00"
701,267,"-9.624485378996315","12.11909519104064","1062.7081711351334",False,True,8,"2024-09-30 20:54:46.725+00"
702,906,"4.263889549854021","57.97052588740106","616.4722127921264",False,True,6,"2024-09-30 20:55:16.748+00"
703,866,"-37.92731574091004","91.79451718936429","934.5968387358965",False,False,7,"2024-09-30 20:55:46.773+00"
704,318,"4.361291077358061","98.75912561999651","939.3368164528257",True,True,9,"2024-09-30 20:56:16.798+00"
705,497,"53.700523605033695","59.26295910137655","905.4102815392756",False,False,4,"2024-09-30 20:56:46.821+00"
706,493,"13.97694216392265","66.4738744420675","700.5687015274077",True,True,5,"2024-09-30 20:57:16.844+00"
707,317,"24.461376270206287","20.44707533095156","686.1025615853533",True,True,5,"2024-09-30 20:57:46.868+00"
708,719,"-16.02719044657857","54.812133990766185","682.7736642990719",False,False,8,"2024-09-30 20:58:16.892+00"
709,320,"55.4105897934045","1.0884472024145664","1043.0938886097647",True,True,7,"2024-09-30 20:58:46.916+00"
710,169,"66.21655443339972","0.7590168254830498","385.47494528326496",False,False,6,"2024-09-30 20:59:16.941+00"
711,25,"73.88877689746116","61.78430846699094","573.2847334456319",False,True,3,"2024-09-30 20:59:46.965+00"
712,109,"-14.758743072440787","63.50747989804562","601.6869491658007",True,True,3,"2024-09-30 21:00:16.991+00"
713,738,"70.97367239721085","78.19195482017207","1068.919455027567",True,False,3,"2024-09-30 21:00:47.016+00"
714,965,"62.46815713210161","9.536445404747873","625.5978232300587",False,True,4,"2024-09-30 21:01:17.04+00"
715,204,"31.46899391336636","0.6728724068787217","517.7154385686372",True,False,7,"2024-09-30 21:01:47.051+00"
716,149,"21.663890197222017","12.68985846056665","311.0837331945412",True,True,7,"2024-09-30 21:02:17.075+00"
717,722,"39.555356952837215","95.05275363174486","646.8450781969867",True,True,5,"2024-09-30 21:02:47.091+00"
718,950,"-25.8814254087524","38.86002982999423","637.727077124656",True,True,7,"2024-09-30 21:03:17.106+00"
719,996,"14.426094073247086","23.4676321110314","902.9956413665983",True,True,8,"2024-09-30 21:03:47.131+00"
720,102,"25.477062667787294","18.30225818385276","595.3707658785245",True,True,2,"2024-09-30 21:04:17.155+00"
721,459,"-19.807340164453063","76.21469016337583","316.42522179637956",True,True,1,"2024-09-30 21:04:47.179+00"
722,207,"5.495963605678675","0.6820372909907224","1049.0232181703684",False,True,9,"2024-09-30 21:05:17.202+00"
723,256,"15.516567941531342","70.6149837136999","913.3898529033482",False,False,3,"2024-09-30 21:05:47.226+00"
724,768,"-18.031562806807557","93.19142113103793","422.5586791817902",False,True,1,"2024-09-30 21:06:17.251+00"
725,989,"57.430545374044186","52.517780215811015","871.6754880095332",False,False,6,"2024-09-30 21:06:47.274+00"
726,596,"59.92253411976779","83.16062153333483","875.8039116886595",True,True,1,"2024-09-30 21:07:17.299+00"
727,451,"-2.365132221015635","77.14405025361634","893.1707582412281",True,True,2,"2024-09-30 21:07:47.322+00"
728,932,"-27.08620766232019","13.571713207264624","1075.1494172042928",False,False,5,"2024-09-30 21:08:17.348+00"
729,564,"76.77332389690051","92.55400368954305","550.5122497664861",False,True,5,"2024-09-30 21:08:47.37+00"
730,588,"49.71892853160462","52.8035001643099","570.304527477875",True,True,9,"2024-09-30 21:09:17.396+00"
731,814,"50.20746547167397","8.452372567087929","348.6199030933566",True,False,7,"2024-09-30 21:09:47.419+00"
732,121,"23.867839650869563","79.72684281686145","744.0258612755567",False,False,6,"2024-09-30 21:10:17.443+00"
733,53,"-17.10094250408583","6.356051005248653","1099.865603942918",False,False,6,"2024-09-30 21:10:47.468+00"
734,245,"71.32465739596606","7.014379624111622","301.1557528109501",False,False,2,"2024-09-30 21:11:17.491+00"
735,529,"47.15895089967857","12.433268551633091","471.9230273150604",False,True,3,"2024-09-30 21:11:47.516+00"
736,940,"27.031776337641233","13.974598128513804","635.0245243708795",True,True,8,"2024-09-30 21:12:17.54+00"
737,735,"12.795711152778004","87.00270677294239","1043.5299275320272",True,False,3,"2024-09-30 21:12:47.564+00"
738,491,"-28.77756047574339","28.840066763824424","485.8369247413481",False,False,7,"2024-09-30 21:13:17.588+00"
739,88,"28.91264250620239","8.841771521744857","699.1639033823352",False,False,8,"2024-09-30 21:13:47.61+00"
740,36,"16.456365996283203","8.006399075611647","1012.2279659058395",True,False,6,"2024-09-30 21:14:17.63+00"
741,223,"-38.53981165489547","12.769175577833568","875.7351496981704",False,True,4,"2024-09-30 21:14:47.656+00"
742,815,"71.48438573634587","78.59723425440681","675.6717999750042",False,True,1,"2024-09-30 21:15:17.679+00"
743,415,"-32.26523374146578","62.90261490297306","798.8790696321214",False,True,4,"2024-09-30 21:15:47.7+00"
744,945,"53.30493219527273","1.3873376004624793","1078.425719407644",True,True,6,"2024-09-30 21:16:17.725+00"
745,134,"48.720009190724895","90.8247409521973","702.0796647677566",True,False,9,"2024-09-30 21:16:47.748+00"
746,529,"34.005914879761434","64.25912041654965","535.3397817811353",True,True,3,"2024-09-30 21:17:17.773+00"
747,613,"40.29816253259226","53.37284457574205","942.9423218315723",True,False,9,"2024-09-30 21:17:47.798+00"
748,996,"24.429335658247567","39.47045951064676","413.31794363746786",True,False,6,"2024-09-30 21:18:17.821+00"
749,686,"46.755047653855556","76.62205538581294","627.0259965886229",False,False,3,"2024-09-30 21:18:47.843+00"
750,772,"52.07095499913132","29.35523048706483","931.9419136523361",False,False,6,"2024-09-30 21:19:17.868+00"
751,462,"5.782517454469151","61.795290577641396","499.419973838725",False,True,5,"2024-09-30 21:19:47.892+00"
752,572,"-20.95129642660331","62.79063265389166","1055.056520602379",True,True,5,"2024-09-30 21:20:17.916+00"
753,588,"-18.589010076162836","70.38637460124504","821.6400358904357",False,False,2,"2024-09-30 21:20:47.939+00"
754,765,"71.26688563596943","39.54593211871791","943.496350583593",False,True,4,"2024-09-30 21:21:17.965+00"
755,815,"-36.46673254810622","84.42467548396134","360.27305585595946",False,False,6,"2024-09-30 21:21:47.989+00"
756,1013,"-28.52678719206455","39.26780887121546","932.5719571057277",True,False,8,"2024-09-30 21:22:18.014+00"
757,601,"8.833446979210606","15.452335302170583","1047.0590280415277",False,True,7,"2024-09-30 21:22:48.038+00"
758,674,"-31.036750422607163","69.24890333660485","854.2061873790283",True,False,5,"2024-09-30 21:23:18.061+00"
759,492,"-22.106996415525067","70.22597698857625","565.9085998154155",False,True,3,"2024-09-30 21:23:48.086+00"
760,425,"18.215665004874154","75.00551777519324","648.9380689614445",True,True,5,"2024-09-30 21:24:18.109+00"
761,740,"-33.82703377835166","10.425373122859384","947.3650787900191",True,True,8,"2024-09-30 21:24:48.134+00"
762,89,"-23.815776738406754","96.70915309938843","1027.9116862811134",False,False,2,"2024-09-30 21:25:18.158+00"
763,662,"-20.33506221676825","86.73788699419391","1033.7033377991065",True,False,4,"2024-09-30 21:25:48.183+00"
764,769,"25.16894811705629","49.65143478147609","349.29189296870254",True,False,2,"2024-09-30 21:26:18.2+00"
765,834,"-11.70786606972387","10.750662663245624","412.68348935362394",True,True,7,"2024-09-30 21:26:48.224+00"
766,607,"82.52227691817188","96.91549042427778","656.1392258860972",False,False,6,"2024-09-30 21:27:18.249+00"
767,868,"39.39769192735871","21.978846360639892","538.6991347145886",True,True,4,"2024-09-30 21:27:48.264+00"
768,657,"51.665257026172426","65.17799762906402","813.1028865705847",True,False,4,"2024-09-30 21:28:18.287+00"
769,543,"53.59744381432705","21.124673556943385","841.7372841374957",True,False,5,"2024-09-30 21:28:48.312+00"
770,357,"19.72430633564055","48.21186476876653","769.6528998980947",False,True,8,"2024-09-30 21:29:18.335+00"
771,826,"41.59781614535824","80.21426968587637","534.3204620269113",True,True,6,"2024-09-30 21:29:48.359+00"
772,144,"68.19162918665712","53.64660549750335","767.6671748531903",True,False,7,"2024-09-30 21:30:18.384+00"
773,598,"-19.47631773332777","79.99797404879239","426.973896617586",True,True,3,"2024-09-30 21:30:48.408+00"
774,213,"39.52995332118604","21.1109236606444","463.42798495838815",False,True,3,"2024-09-30 21:31:18.431+00"
775,142,"8.226535441487108","77.02843567876185","831.5201811080603",False,True,9,"2024-09-30 21:31:48.456+00"
776,244,"48.681287936232806","47.48701979334342","1057.1471446288765",True,False,5,"2024-09-30 21:32:18.471+00"
777,922,"-32.582970692410804","66.03454652398739","668.6800791981611",True,True,4,"2024-09-30 21:32:48.495+00"
778,1003,"62.94722264574486","58.08649037211706","482.77344558536174",True,False,2,"2024-09-30 21:33:18.519+00"
779,92,"28.17771079057674","44.075631182546914","358.2563317635552",False,False,6,"2024-09-30 21:33:48.544+00"
780,1003,"35.11703588466639","60.10153270667333","302.51636533786376",False,False,1,"2024-09-30 21:34:18.568+00"
781,534,"67.6479903012093","32.39599517833427","344.71488030218825",False,False,6,"2024-09-30 21:34:48.592+00"
782,485,"-35.085002766580075","41.6078341102164","979.7556612893846",False,True,4,"2024-09-30 21:35:18.6+00"
783,242,"-4.29045376906997","96.75228009226112","375.62376512034405",False,True,2,"2024-09-30 21:35:48.623+00"
784,118,"65.62166411379934","59.9424762974353","1012.4393116114021",True,True,4,"2024-09-30 21:36:18.648+00"
785,600,"84.63410259393348","7.580917795918629","407.7567869143047",True,True,4,"2024-09-30 21:36:48.671+00"
786,830,"33.43538154905913","2.1461649110247727","534.5129817968686",True,True,3,"2024-09-30 21:37:18.696+00"
787,601,"-27.823684427947576","52.70324032272842","446.44387790600797",False,True,4,"2024-09-30 21:37:48.72+00"
788,923,"66.75813728775574","34.306793401134826","446.261562306197",False,True,3,"2024-09-30 21:38:18.744+00"
789,410,"73.52510423418524","0.7879799621250738","1005.7897611077904",True,False,8,"2024-09-30 21:38:48.769+00"
790,212,"26.34586108432866","52.7368092935025","744.4616849934596",False,False,4,"2024-09-30 21:39:18.79+00"
791,771,"-27.99178717955988","29.675359445527327","810.5342806099907",True,True,4,"2024-09-30 21:39:48.794+00"
792,506,"-21.906097557377315","87.5431982576165","693.51308084852",True,False,6,"2024-09-30 21:40:18.818+00"
793,322,"2.237277095779291","2.961313803126342","395.1145468209079",True,True,9,"2024-09-30 21:40:48.841+00"
794,450,"78.58708365321668","32.552120881525994","1000.6808525868394",False,False,9,"2024-09-30 21:41:18.864+00"
795,815,"8.81282645503704","44.57219662701324","842.1285378136221",False,True,7,"2024-09-30 21:41:48.888+00"
796,1013,"-5.249963727314778","73.47174912474563","711.3943089235742",False,True,1,"2024-09-30 21:42:18.911+00"
797,117,"17.30690684305589","96.97946982215788","532.82687946966",False,True,7,"2024-09-30 21:42:48.936+00"
798,45,"79.96634627040365","98.07671336032769","560.3490225689352",True,True,3,"2024-09-30 21:43:18.962+00"
799,154,"-21.49102502814464","36.63318598040619","1043.4183678750571",True,False,2,"2024-09-30 21:43:48.987+00"
800,824,"50.57674367001117","27.54458418307637","750.5308565346329",True,False,7,"2024-09-30 21:44:19.01+00"
801,68,"55.944212673711476","33.27284456673447","353.1188494247573",False,True,8,"2024-09-30 21:44:49.034+00"
802,362,"32.13083105790568","42.11464686560738","480.39519854437833",True,True,8,"2024-09-30 21:45:19.059+00"
803,489,"65.70443329408482","43.42093230866464","666.3804778574518",True,False,9,"2024-09-30 21:45:49.082+00"
804,663,"-16.366126853239173","19.331176806917515","491.57144887083996",False,False,3,"2024-09-30 21:46:19.1+00"
805,698,"26.55554643211697","30.581193070224245","1060.2526863112164",False,True,6,"2024-09-30 21:46:49.124+00"
806,146,"10.459487839570357","35.65943355612138","983.0408955169456",False,False,3,"2024-09-30 21:47:19.15+00"
807,396,"31.583610250196386","89.10784816695167","493.20338194496713",True,False,7,"2024-09-30 21:47:49.174+00"
808,332,"78.7651219360549","93.789795786524","864.6780697910383",True,True,2,"2024-09-30 21:48:19.199+00"
809,985,"11.964233710092707","14.621218732321273","384.25591809796737",True,False,4,"2024-09-30 21:48:49.22+00"
810,236,"-33.00039754366637","3.0111932641787575","431.1620831844971",False,True,2,"2024-09-30 21:49:19.221+00"
811,873,"54.26750572301917","35.51997251681047","690.0789168459758",True,True,5,"2024-09-30 21:49:49.24+00"
812,254,"59.35413974134619","11.91720861705976","938.7374973349094",False,False,6,"2024-09-30 21:50:19.265+00"
813,484,"22.37467593014359","63.247497728288174","1006.326602517967",False,True,9,"2024-09-30 21:50:49.28+00"
814,960,"-5.650598797149236","69.5629598719226","466.8392901064241",False,True,2,"2024-09-30 21:51:19.304+00"
815,467,"36.90606707965475","34.039589684003246","511.1177001765368",True,False,2,"2024-09-30 21:51:49.32+00"
816,555,"17.487902858840812","32.511075414169376","1048.38083162473",False,True,5,"2024-09-30 21:52:19.347+00"
817,729,"46.853630630346686","30.00456445196815","482.43806634377154",False,True,4,"2024-09-30 21:52:49.37+00"
818,780,"1.6147226764131162","39.58526789851193","331.93828848449255",False,True,7,"2024-09-30 21:53:19.394+00"
819,382,"14.27913334505785","96.93451861797426","383.1349900294569",False,False,3,"2024-09-30 21:53:49.411+00"
820,329,"51.021937820760684","13.040051305921319","536.0230269129945",False,True,6,"2024-09-30 21:54:19.43+00"
821,796,"-2.947545246576361","47.986268554655176","631.4966541456872",True,False,5,"2024-09-30 21:54:49.454+00"
822,10,"-2.1955934831094837","15.439515214963052","643.624117643868",False,False,9,"2024-09-30 21:55:19.477+00"
823,258,"10.315035383750264","97.34295451151908","306.97408765864844",False,False,1,"2024-09-30 21:55:49.501+00"
824,196,"53.69396503681587","4.881483437357614","531.7356086250591",False,False,2,"2024-09-30 21:56:19.525+00"
825,596,"43.64045834931427","45.37568438282147","723.0052323053415",False,False,6,"2024-09-30 21:56:49.548+00"
826,345,"15.944632268293134","42.09537874149587","444.3272797390771",True,True,4,"2024-09-30 21:57:19.573+00"
827,578,"-28.94755732235309","6.0129468016185905","1097.0944310887348",True,False,4,"2024-09-30 21:57:49.596+00"
828,64,"76.29683671116587","87.22003853870528","810.8475275762817",False,True,4,"2024-09-30 21:58:19.599+00"
829,906,"30.753592012927825","74.93889098432372","389.6430207869802",True,False,2,"2024-09-30 21:58:49.62+00"
830,711,"2.3626593452781606","20.879373808805134","1014.3963363644764",False,False,6,"2024-09-30 21:59:19.645+00"
831,384,"67.16535429255971","53.69293922867744","481.353893883521",True,False,7,"2024-09-30 21:59:49.646+00"
832,612,"73.76072154646289","45.86102985172982","1092.2453284626472",False,False,8,"2024-09-30 22:00:19.669+00"
833,377,"67.72287505417414","1.6407314200081569","938.3380967808021",False,True,3,"2024-09-30 22:00:49.694+00"
834,838,"-38.76341321546672","34.388763239752286","891.0209564973475",True,False,9,"2024-09-30 22:01:19.72+00"
835,904,"-15.741622747870629","40.54636603046355","427.4962897154351",True,True,5,"2024-09-30 22:01:49.743+00"
836,433,"49.6704739961455","66.14854870100997","662.7466600009948",False,True,2,"2024-09-30 22:02:19.768+00"
837,519,"3.6721564394396964","92.12653875706394","721.6015056721799",False,False,2,"2024-09-30 22:02:49.791+00"
838,612,"29.542471293966074","50.89394548890487","1070.4126338207434",False,True,1,"2024-09-30 22:03:19.816+00"
839,555,"-37.063748034567375","30.350682205062785","1086.2459838980512",True,True,3,"2024-09-30 22:03:49.839+00"
840,271,"-30.221633087218166","30.451310902260566","317.17218032089426",False,True,8,"2024-09-30 22:04:19.865+00"
841,41,"65.2482901178081","39.674171442624086","886.0569989616355",False,False,4,"2024-09-30 22:04:49.889+00"
842,685,"82.33391004190605","9.748915095805444","469.6006611846394",False,False,9,"2024-09-30 22:05:19.913+00"
843,633,"13.277880446416347","70.44394347706218","326.0283295509094",False,False,6,"2024-09-30 22:05:49.938+00"
844,328,"69.7130493455124","40.174148440448775","920.4164746704702",True,True,5,"2024-09-30 22:06:19.961+00"
845,331,"2.868844979006198","52.00738311415676","719.8493319366548",True,False,4,"2024-09-30 22:06:49.985+00"
846,751,"-17.93333302335653","70.0466172024852","592.4840703498218",True,False,6,"2024-09-30 22:07:20+00"
847,278,"9.565963560118554","21.041596954087893","950.2102376166706",True,False,4,"2024-09-30 22:07:50.025+00"
848,48,"28.613631843822574","63.00653376791774","954.6209323047531",False,True,7,"2024-09-30 22:08:20.04+00"
849,196,"76.15498925379194","27.05670117914987","1053.3151960677685",True,True,6,"2024-09-30 22:08:50.066+00"
850,372,"81.22494271602247","46.27908259340408","472.9323124213334",True,False,9,"2024-09-30 22:09:20.088+00"
851,931,"-5.181628327529431","69.48596967094525","465.38554465130204",False,True,5,"2024-09-30 22:09:50.111+00"
852,918,"-26.944519699998523","18.76520884657067","822.5254585973697",True,False,6,"2024-09-30 22:10:20.135+00"
853,135,"60.34114837185601","88.61920900780373","1084.6784430470088",True,False,7,"2024-09-30 22:10:50.16+00"
854,986,"78.39308959976258","86.08333882468457","471.75656289598373",False,False,8,"2024-09-30 22:11:20.183+00"
855,691,"70.82705285982824","93.52203167360827","785.5610456128353",False,False,7,"2024-09-30 22:11:50.207+00"
856,35,"51.540620397344085","70.19231319827624","518.6739255461064",True,True,1,"2024-09-30 22:12:20.231+00"
857,808,"19.05304444578904","94.59808174337047","999.0658124562972",True,True,4,"2024-09-30 22:12:50.255+00"
858,1000,"41.51857909579496","1.9848388475361078","670.1012453197027",False,False,6,"2024-09-30 22:13:20.279+00"
859,391,"25.092123932215884","2.597402131040294","481.5378881975205",False,True,5,"2024-09-30 22:13:50.303+00"
860,1020,"72.40901961970623","65.60842687828557","899.4221740820185",True,True,4,"2024-09-30 22:14:20.327+00"
861,264,"75.61205911221096","82.83739662101854","514.4938932573136",True,False,1,"2024-09-30 22:14:50.35+00"
862,204,"-27.05449513158175","42.75291287872851","662.1344581531339",True,True,5,"2024-09-30 22:15:20.375+00"
863,969,"-23.245273699516503","6.043694881886874","725.2454419570038",False,False,7,"2024-09-30 22:15:50.398+00"
864,242,"64.22201996743036","86.42370946577682","794.5114696203514",True,False,2,"2024-09-30 22:16:20.422+00"
865,532,"-36.302968107682176","81.49511004468593","656.7104954610811",True,True,5,"2024-09-30 22:16:50.446+00"
866,958,"24.62438531499184","44.818891272418185","531.694577915687",False,False,5,"2024-09-30 22:17:20.471+00"
867,968,"-30.939074485188613","52.09374900563508","1020.2744907438113",True,False,4,"2024-09-30 22:17:50.49+00"
868,605,"-31.314055438830636","84.02429007155874","855.942865911417",False,False,6,"2024-09-30 22:18:20.511+00"
869,942,"7.599793452038462","53.23998941976704","818.7423992091226",False,False,7,"2024-09-30 22:18:50.535+00"
870,207,"-22.2715689346819","3.47709800617082","806.7916447358856",True,False,9,"2024-09-30 22:19:20.56+00"
871,740,"56.97742026843386","75.11201797945533","369.6106972463042",False,True,6,"2024-09-30 22:19:50.58+00"
872,304,"21.713645049929767","54.94538242498337","946.3491663775895",False,False,1,"2024-09-30 22:20:20.604+00"
873,125,"10.999171339270646","50.916122899768254","411.75983321306614",True,False,2,"2024-09-30 22:20:50.62+00"
874,727,"73.96334284581822","43.7568685353978","1001.9302822641347",True,False,8,"2024-09-30 22:21:20.645+00"
875,980,"0.9286989894848148","39.112338551737544","737.9201635030195",True,False,7,"2024-09-30 22:21:50.668+00"
876,555,"41.35515311050054","22.772301269513306","473.6685437196389",True,False,1,"2024-09-30 22:22:20.693+00"
877,490,"0.2618524819204069","42.35496840880939","346.6027442142355",True,True,1,"2024-09-30 22:22:50.717+00"
878,59,"33.22984329537438","19.919343745620143","823.3090402368924",True,True,1,"2024-09-30 22:23:20.741+00"
879,912,"59.54653943615787","84.29986202766273","619.6192243470556",False,True,5,"2024-09-30 22:23:50.764+00"
880,64,"14.179414191971695","47.965049938102844","906.8867527121156",False,False,1,"2024-09-30 22:24:20.789+00"
881,21,"42.642579617512396","38.884220267038614","335.0267179291002",True,False,8,"2024-09-30 22:24:50.813+00"
882,566,"79.38416401379054","73.90335522756313","390.8386544779597",False,False,3,"2024-09-30 22:25:20.836+00"
883,558,"-3.777131880254963","54.10009976170258","859.9553538484056",False,True,4,"2024-09-30 22:25:50.86+00"
884,202,"29.293616872026476","10.11777700025409","503.660949000432",False,False,6,"2024-09-30 22:26:20.885+00"
885,400,"52.98605449037839","44.80744194181501","342.5283198273311",False,False,2,"2024-09-30 22:26:50.91+00"
886,431,"83.20458195236172","73.75850878885164","560.6868818105286",False,False,6,"2024-09-30 22:27:20.932+00"
887,257,"44.24893453264637","9.895157327828175","484.2424926044744",True,True,2,"2024-09-30 22:27:50.956+00"
888,75,"44.80347054644102","66.43486120989837","369.4676464503166",False,False,2,"2024-09-30 22:28:20.98+00"
889,169,"45.00660469549351","63.82856551432392","809.8595314993352",False,False,5,"2024-09-30 22:28:51.001+00"
890,36,"-5.905081980767385","63.90365281670996","740.1487747627721",False,True,3,"2024-09-30 22:29:21.024+00"
891,43,"-25.090057306133637","96.0413561190621","501.9611045549119",True,True,5,"2024-09-30 22:29:51.049+00"
892,995,"-23.634000481045156","41.5379011645677","752.5476317891752",False,True,2,"2024-09-30 22:30:21.072+00"
893,253,"51.90657235787528","70.30999886860054","543.1067712788176",True,False,2,"2024-09-30 22:30:51.09+00"
894,241,"10.98425258721953","44.84311523731075","436.0201064974143",False,False,2,"2024-09-30 22:31:21.116+00"
895,699,"-8.485463038163353","11.387562160537223","780.8153884253056",True,True,6,"2024-09-30 22:31:51.124+00"
896,934,"59.23823960632066","88.04621415230662","723.6898116012683",False,True,5,"2024-09-30 22:32:21.13+00"
897,228,"-12.81509842569039","33.27190105051066","835.9897408719222",True,True,4,"2024-09-30 22:32:51.156+00"
898,564,"-30.19083419831197","49.3908513080356","830.7429088983245",False,False,7,"2024-09-30 22:33:21.18+00"
899,174,"-22.448820243363553","63.476665823161404","947.6880364863298",True,True,4,"2024-09-30 22:33:51.207+00"
900,673,"-28.087849172317704","37.11119815216908","505.5800462802473",True,True,4,"2024-09-30 22:34:21.22+00"
901,5,"11.85103464985","45.05719059840185","815.1076070002088",True,False,5,"2024-09-30 22:34:51.245+00"
902,772,"74.97152345678543","68.48614835533002","723.5022319950649",False,False,2,"2024-09-30 22:35:21.27+00"
903,671,"37.06929944115889","42.33280822691772","990.6406568487478",True,True,5,"2024-09-30 22:35:51.293+00"
904,587,"-4.468454184354144","36.118632851529256","304.051693519558",False,True,4,"2024-09-30 22:36:21.318+00"
905,90,"31.327162815090517","54.482854147745805","850.3925000465664",True,False,8,"2024-09-30 22:36:51.342+00"
906,953,"64.59513713953658","36.18510428455257","1012.4261295161615",False,True,5,"2024-09-30 22:37:21.365+00"
907,134,"58.163658316687545","39.60909312137706","478.7428458672091",True,True,8,"2024-09-30 22:37:51.39+00"
908,134,"24.62154501763534","16.115636219988172","554.6067224363501",False,True,2,"2024-09-30 22:38:21.413+00"
909,318,"79.38539997933684","34.506593805450535","707.4073964859892",True,True,5,"2024-09-30 22:38:51.437+00"
910,826,"82.03077588496342","27.075081423099533","605.4012168642679",True,True,6,"2024-09-30 22:39:21.44+00"
911,171,"44.180639891025706","98.31145393895339","974.1547109346817",True,True,3,"2024-09-30 22:39:51.465+00"
912,577,"-36.724059183063474","0.14937625394417786","952.3859821596188",False,True,4,"2024-09-30 22:40:21.49+00"
913,889,"28.396422433235827","50.54470091232049","522.237233227132",True,True,6,"2024-09-30 22:40:51.514+00"
914,938,"50.45047965844758","13.350873512635953","883.6444980812119",True,True,7,"2024-09-30 22:41:21.531+00"
915,926,"63.29967026864384","84.870796878196","921.2726020156831",True,False,2,"2024-09-30 22:41:51.555+00"
916,817,"61.26014185856391","56.02838454967123","472.86562598128495",False,False,5,"2024-09-30 22:42:21.579+00"
917,717,"25.185982897746072","38.34772504700177","317.8153880300108",False,True,3,"2024-09-30 22:42:51.603+00"
918,159,"-25.890864613518964","81.54374266878213","730.9207222433621",False,True,5,"2024-09-30 22:43:21.627+00"
919,101,"45.41628398144721","23.303253017816683","442.713424909569",False,True,7,"2024-09-30 22:43:51.64+00"
920,385,"-10.25922504625753","28.63236767909949","810.3830184650205",True,True,2,"2024-09-30 22:44:21.664+00"
921,784,"75.15763728948372","64.26745109691284","371.99519587508297",True,True,3,"2024-09-30 22:44:51.69+00"
922,709,"19.77927106487566","79.75342306738595","410.329302040644",False,False,5,"2024-09-30 22:45:21.713+00"
923,826,"31.746501040327402","14.83382552425101","436.8905651745198",True,True,8,"2024-09-30 22:45:51.737+00"
924,724,"-37.831189618094385","2.7619804477807985","994.0363028406179",True,False,1,"2024-09-30 22:46:21.76+00"
925,322,"-30.024592151066113","13.186900588981821","867.4522877590647",False,True,7,"2024-09-30 22:46:51.784+00"
926,152,"20.488128563649383","88.08512374409231","782.9181671471879",True,False,4,"2024-09-30 22:47:21.8+00"
927,113,"52.45979424112669","87.21455923077575","965.6732287674638",False,False,6,"2024-09-30 22:47:51.825+00"
928,83,"61.685351632331034","58.6561599138683","860.1555784572867",False,False,3,"2024-09-30 22:48:21.85+00"
929,921,"19.963834611892032","86.03798453534426","1075.9073610498313",False,True,6,"2024-09-30 22:48:51.861+00"
930,905,"28.772640917121123","99.01170226803848","746.8318936832228",True,True,8,"2024-09-30 22:49:21.885+00"
931,290,"67.40648660704122","57.208991101386175","805.311861704943",True,False,8,"2024-09-30 22:49:51.903+00"
932,481,"13.932931603716042","30.82230504657828","1045.2289398452249",True,False,3,"2024-09-30 22:50:21.927+00"
933,968,"-32.91994135688205","82.84470031325553","680.3141250651574",True,True,3,"2024-09-30 22:50:51.951+00"
934,965,"16.88312343936949","73.16258245486156","731.4971227674437",False,False,9,"2024-09-30 22:51:21.974+00"
935,890,"-4.963146726936536","21.734603446900834","832.4897624656614",False,True,5,"2024-09-30 22:51:51.998+00"
936,746,"18.034230895495668","13.322996255019536","948.8763434377921",True,True,1,"2024-09-30 22:52:22.024+00"
937,946,"51.10156224377597","18.314855952890486","1033.4692473583377",True,False,6,"2024-09-30 22:52:52.04+00"
938,599,"-16.939363855826027","19.24358064837781","701.5152566211166",False,False,2,"2024-09-30 22:53:22.064+00"
939,320,"57.008386779372685","68.90905169921272","1016.7885376533567",True,False,5,"2024-09-30 22:53:52.09+00"
940,226,"-23.422720121342824","23.645331238002253","742.289787884687",True,False,2,"2024-09-30 22:54:22.112+00"
941,287,"28.94212730566484","40.271063789416786","921.863954081901",False,False,6,"2024-09-30 22:54:52.136+00"
942,947,"77.32346606731015","83.55086787431367","920.4010855930376",False,True,6,"2024-09-30 22:55:22.161+00"
943,437,"13.389826760377126","49.66506358140585","945.5167639584564",True,True,7,"2024-09-30 22:55:52.184+00"
944,746,"-10.892515712368926","86.53859331836759","409.18634120263494",False,False,7,"2024-09-30 22:56:22.21+00"
945,808,"-1.5085244127037356","39.706967834467854","365.1984452035235",True,False,4,"2024-09-30 22:56:52.234+00"
946,297,"12.883318634836584","31.7287858179079","361.4998038303325",False,False,4,"2024-09-30 22:57:22.257+00"
947,1013,"34.570271988137065","25.336660722804627","1062.373368280727",True,False,5,"2024-09-30 22:57:52.281+00"
948,850,"-29.266578573953474","64.82424012219687","300.6528557241092",False,False,2,"2024-09-30 22:58:22.301+00"
949,923,"46.73567024837692","19.484965815713483","858.3818625385339",True,False,2,"2024-09-30 22:58:52.325+00"
950,1003,"28.260600172005866","30.67602209494138","1040.853610764635",False,False,7,"2024-09-30 22:59:22.348+00"
951,157,"-24.52183695980097","38.381115848177515","622.6258377774542",True,False,4,"2024-09-30 22:59:52.37+00"
952,705,"35.53156168709394","75.66422128694583","787.301898347411",True,True,5,"2024-09-30 23:00:22.396+00"
953,140,"83.26467506517089","55.859545693550736","651.8977179794297",True,True,7,"2024-09-30 23:00:52.411+00"
954,954,"17.013114314047016","56.078160816018105","758.6172497099699",True,False,8,"2024-09-30 23:01:22.435+00"
955,585,"3.0329751377324357","8.35529412594287","349.785924953572",True,True,4,"2024-09-30 23:01:52.459+00"
956,994,"-33.42623906421082","54.19860479763978","335.2532910396086",False,False,5,"2024-09-30 23:02:22.483+00"
957,162,"32.331163605202136","79.76608800345306","773.1427011868232",False,True,2,"2024-09-30 23:02:52.507+00"
958,886,"54.218418749736514","18.27391628004087","743.5297384391314",False,True,7,"2024-09-30 23:03:22.53+00"
959,537,"-32.904272150711975","71.06409357066038","384.82061633908893",True,True,4,"2024-09-30 23:03:52.555+00"
960,570,"5.933940082567652","93.83747729437518","306.1328589421073",True,False,3,"2024-09-30 23:04:22.57+00"
961,21,"10.347537239120967","90.77095436105391","634.2177293036075",False,True,4,"2024-09-30 23:04:52.595+00"
962,645,"30.261363022974223","77.68338808293194","598.6228073782502",False,True,7,"2024-09-30 23:05:22.619+00"
963,883,"47.344387675399986","8.550077398716049","747.413459488157",False,True,8,"2024-09-30 23:05:52.643+00"
964,603,"40.90296224962282","30.574458702764474","301.4074249281011",False,True,4,"2024-09-30 23:06:22.667+00"
965,538,"75.94602470931383","30.762221152174195","525.7320327901557",True,False,5,"2024-09-30 23:06:52.69+00"
966,995,"79.97411362163463","62.75404300727578","485.486453133716",True,True,6,"2024-09-30 23:07:22.71+00"
967,525,"68.95001819875743","56.6364145202846","987.7658440876223",False,False,5,"2024-09-30 23:07:52.735+00"
968,986,"9.455582058243465","80.92903330779298","498.26331923940916",True,True,4,"2024-09-30 23:08:22.758+00"
969,100,"-14.837490323248542","40.63276362342789","770.2460102617813",True,True,5,"2024-09-30 23:08:52.766+00"
970,432,"51.32957597361698","23.165792540750218","424.4208960184565",True,False,2,"2024-09-30 23:09:22.79+00"
971,138,"49.49335991699279","7.657915649377056","444.6233311975618",False,False,6,"2024-09-30 23:09:52.816+00"
972,257,"6.509515060214504","94.61761625357764","422.01266678153627",False,True,4,"2024-09-30 23:10:22.84+00"
973,425,"76.15003497264182","73.15125748310673","649.7243141016538",False,True,2,"2024-09-30 23:10:52.863+00"
974,432,"32.47566959615415","20.059249321320237","660.8255223408837",False,True,8,"2024-09-30 23:11:22.869+00"
975,601,"57.45646589661361","5.659215137396334","977.6947085617792",True,False,2,"2024-09-30 23:11:52.893+00"
976,395,"-3.0145696769987183","72.9976842035591","1090.7604263799371",True,False,8,"2024-09-30 23:12:22.917+00"
977,143,"-29.833803833557987","60.88798850342572","739.8250593624722",False,False,8,"2024-09-30 23:12:52.94+00"
978,449,"4.190016483130364","32.30206333332437","502.57857176771915",False,False,7,"2024-09-30 23:13:22.964+00"
979,367,"9.72663469871555","10.545632904605661","503.2996377705784",False,True,4,"2024-09-30 23:13:52.981+00"
980,75,"40.07401098852054","24.764699403230715","522.5498064174941",False,True,2,"2024-09-30 23:14:23.004+00"
981,500,"71.36969242504341","83.3596622738954","920.3767746541808",True,False,2,"2024-09-30 23:14:53.03+00"
982,285,"-13.820441589634655","73.23819145362536","924.4586263595949",False,True,7,"2024-09-30 23:15:23.053+00"
983,816,"56.713390296385754","22.159209241227362","463.4368698682531",False,False,3,"2024-09-30 23:15:53.077+00"
984,790,"-21.55977364624483","20.563266642243818","477.0828402790473",False,False,8,"2024-09-30 23:16:23.101+00"
985,493,"-14.093219953761164","41.298450898425656","837.0057073893394",False,True,8,"2024-09-30 23:16:53.125+00"
986,217,"-0.5865696097253519","27.037979840803317","478.0700853035105",False,True,6,"2024-09-30 23:17:23.15+00"
987,248,"-3.219272161412121","27.731194516230673","1041.1763073926797",True,True,9,"2024-09-30 23:17:53.175+00"
988,705,"43.08549043497129","2.7232183431906476","410.7423505973609",True,True,7,"2024-09-30 23:18:23.19+00"
989,577,"77.96217891888644","9.214895515055833","680.781614723534",True,True,2,"2024-09-30 23:18:53.209+00"
990,293,"12.861437650832734","53.14943404344439","1094.2375281667375",False,True,3,"2024-09-30 23:19:23.22+00"
991,873,"60.294174972967255","35.400203505846626","465.3493535032366",True,True,9,"2024-09-30 23:19:53.246+00"
992,142,"2.351209047026103","56.57946937773315","661.5648947086283",True,True,8,"2024-09-30 23:20:23.269+00"
993,307,"-27.356354228350135","97.4256834159076","799.8047349923393",False,True,4,"2024-09-30 23:20:53.293+00"
994,763,"27.174767416445576","78.93474085768786","367.8263031705798",False,False,8,"2024-09-30 23:21:23.299+00"
995,778,"0.5158293302268788","9.939665025776323","352.1539074305958",True,False,1,"2024-09-30 23:21:53.311+00"
996,499,"-16.838121352848226","25.8289822218541","479.82943839688573",True,False,1,"2024-09-30 23:22:23.335+00"
997,98,"84.65329356881854","72.86431032136029","644.5711297929276",False,False,7,"2024-09-30 23:22:53.359+00"
998,382,"-5.469276005265996","6.029130071055344","626.7541055929416",False,True,2,"2024-09-30 23:23:23.385+00"
999,919,"-18.420274966689234","52.10959076492361","552.1928764479542",True,True,3,"2024-09-30 23:23:53.409+00"
1000,157,"40.29318897093427","10.918743570757927","776.4184146990024",False,False,2,"2024-09-30 23:24:23.433+00"
1001,13,"-33.97900478016668","38.361399494397276","352.7864927488352",False,True,5,"2024-09-30 23:24:53.465+00"
1002,906,"77.84228066398744","45.10897849332098","700.4357345608178",True,False,7,"2024-09-30 23:25:23.487+00"
1003,723,"-16.918617904168755","76.92190852369197","826.6374838197489",True,False,8,"2024-09-30 23:25:53.511+00"
1004,154,"34.938183263903085","11.293454616980437","605.8282748989253",True,True,8,"2024-09-30 23:26:23.536+00"
1005,335,"40.546141920313815","17.914472269445803","487.7610881757073",False,True,8,"2024-09-30 23:26:53.55+00"
1006,252,"16.132102459553607","49.36244728445294","664.0452835095834",False,False,3,"2024-09-30 23:27:23.576+00"
1007,706,"52.51584509198074","79.1499349922188","1007.4207863662417",False,True,6,"2024-09-30 23:27:53.599+00"
1008,431,"13.115452497536047","96.98221680359404","1032.3270316613623",True,False,2,"2024-09-30 23:28:23.624+00"
1009,480,"-2.1455053629000247","18.30756792153847","956.6259090881356",True,False,6,"2024-09-30 23:28:53.648+00"
1010,848,"-13.95281047739951","3.131376631642424","623.9369731234735",False,False,5,"2024-09-30 23:29:23.671+00"
1011,194,"18.39256610582394","28.962147881272536","624.4076112245348",True,True,3,"2024-09-30 23:29:53.695+00"
1012,173,"73.2022734051526","6.705687838647023","690.4617823877636",True,False,1,"2024-09-30 23:30:23.721+00"
1013,828,"59.22507413860663","72.49833035759556","722.8686295440293",False,False,5,"2024-09-30 23:30:53.745+00"
1014,605,"73.76714629514079","56.56906288975152","1051.3854534814818",False,True,5,"2024-09-30 23:31:23.769+00"
1015,699,"80.71858110098854","25.803328853543395","1000.1797993606813",True,False,8,"2024-09-30 23:31:53.794+00"
1016,43,"21.58799807935239","5.2623209537514315","731.1727503794685",False,True,5,"2024-09-30 23:32:23.811+00"
1017,938,"27.131518251395605","80.09042361618623","617.4175388744219",True,False,1,"2024-09-30 23:32:53.831+00"
1018,52,"65.28874154116674","16.30153595945465","1020.0657935601467",False,False,7,"2024-09-30 23:33:23.855+00"
1019,677,"-29.04109835559817","47.91745867437609","696.6898985822878",False,True,3,"2024-09-30 23:33:53.879+00"
1020,715,"-39.116010833278416","4.747852637454253","528.0562658134045",True,False,6,"2024-09-30 23:34:23.903+00"
1021,133,"-19.934042238015362","62.07415566949606","332.3963871881391",True,True,2,"2024-09-30 23:34:53.928+00"
1022,728,"-31.11071682366056","91.73714290199086","303.3570267248038",False,False,2,"2024-09-30 23:35:23.951+00"
1023,971,"5.373108036780351","50.12394405779111","622.4152310075065",False,True,7,"2024-09-30 23:35:53.977+00"
1024,359,"53.662519979115146","89.30945408941497","1072.2144769156812",False,False,4,"2024-09-30 23:36:24.001+00"
1025,862,"62.239251855897464","19.96667635515641","1018.4797315249016",True,False,8,"2024-09-30 23:36:54.026+00"
1026,687,"54.962890370231705","93.8720655524295","717.1047893545169",True,True,4,"2024-09-30 23:37:24.051+00"
1027,103,"-9.737090427831433","66.01163804736775","1073.621309747054",True,False,7,"2024-09-30 23:37:54.074+00"
1028,554,"84.2055858920357","29.400041685479337","370.5613745505284",True,False,4,"2024-09-30 23:38:24.098+00"
1029,191,"78.96803539295833","4.975996204898325","379.2143725816489",True,False,6,"2024-09-30 23:38:54.123+00"
1030,3,"46.332367108208715","72.60307119363002","791.2508562692988",True,False,3,"2024-09-30 23:39:24.146+00"
1031,819,"65.92308917352172","76.1400322899593","850.1584686482804",False,True,2,"2024-09-30 23:39:54.171+00"
1032,521,"74.32556005470349","83.37179110441562","342.54829392391673",True,False,3,"2024-09-30 23:40:24.196+00"
1033,788,"35.067774915599315","59.06054730311057","598.5387150263954",True,True,7,"2024-09-30 23:40:54.221+00"
1034,895,"12.330351548555889","35.23406769451061","880.2835973650803",True,True,5,"2024-09-30 23:41:24.246+00"
1035,116,"75.62461340551589","5.792450859566611","1047.610192427146",True,False,3,"2024-09-30 23:41:54.261+00"
1036,419,"8.438374454321199","47.10879863206783","578.4530888085852",True,False,3,"2024-09-30 23:42:24.285+00"
1037,755,"60.62614430573747","31.840934020407662","710.4500877875569",False,False,3,"2024-09-30 23:42:54.3+00"
1038,446,"66.16496953876039","59.38992718675675","965.5794700966503",False,True,4,"2024-09-30 23:43:24.324+00"
1039,54,"-4.006258852452781","13.880722580764626","776.4403292123465",False,False,7,"2024-09-30 23:43:54.34+00"
1040,971,"42.39917328903468","12.223938322345695","1078.6706263768338",False,False,8,"2024-09-30 23:44:24.364+00"
1041,528,"71.18092668901846","15.893558372799198","932.980156525505",True,True,3,"2024-09-30 23:44:54.39+00"
1042,384,"39.382740507466266","77.00432574035914","380.145596746752",True,True,7,"2024-09-30 23:45:24.415+00"
1043,446,"-34.870816536094104","6.480723260648347","846.3658857260478",True,False,6,"2024-09-30 23:45:54.438+00"
1044,47,"-14.724997802973864","17.60239699406585","937.1702988289808",False,True,6,"2024-09-30 23:46:24.462+00"
1045,162,"54.78167385167919","94.58757753635018","872.3165061735809",False,True,4,"2024-09-30 23:46:54.487+00"
1046,754,"18.431425213498393","35.53524696907693","830.8812635766667",True,True,3,"2024-09-30 23:47:24.51+00"
1047,582,"39.34311124389362","33.651821589795894","584.3675310369899",True,False,7,"2024-09-30 23:47:54.533+00"
1048,437,"23.47470518703571","54.89596575754763","760.4683511629435",True,True,7,"2024-09-30 23:48:24.556+00"
1049,576,"46.72104629741992","45.746223102742874","731.8419749716646",False,False,1,"2024-09-30 23:48:54.579+00"
1050,713,"76.44575535034835","15.06248091614577","658.7154128557315",True,False,5,"2024-09-30 23:49:24.604+00"
1051,828,"4.17569814339825","37.10833543805256","1031.2814647405148",True,True,4,"2024-09-30 23:49:54.627+00"
1052,547,"81.83666441497776","88.81431306868595","322.70325560409725",True,True,8,"2024-09-30 23:50:24.651+00"
1053,197,"67.2530901316926","19.890747609999938","854.5812935497663",True,True,9,"2024-09-30 23:50:54.675+00"
1054,935,"-36.68279163424558","16.286716172425386","1055.9009427582491",False,False,1,"2024-09-30 23:51:24.699+00"
1055,753,"9.855513257923256","2.91880206473778","687.1179679452127",False,False,6,"2024-09-30 23:51:54.722+00"
1056,901,"44.82515532731554","23.296206788874187","915.8149075060288",False,True,3,"2024-09-30 23:52:24.746+00"
1057,288,"70.34564530459876","54.86431297585652","1033.0294158760262",False,False,7,"2024-09-30 23:52:54.771+00"
1058,812,"68.98136824305743","47.21967488932437","353.15682546164385",True,False,7,"2024-09-30 23:53:24.796+00"
1059,580,"13.43479216831215","76.79266002414573","690.1094277105212",True,True,8,"2024-09-30 23:53:54.82+00"
1060,642,"44.5076725689552","8.590115248942398","465.26627989517556",True,False,4,"2024-09-30 23:54:24.844+00"
1061,495,"59.88251186661354","35.29657037269622","457.9054490940514",False,True,6,"2024-09-30 23:54:54.87+00"
1062,78,"-39.89922789404889","99.13091577663877","584.626259989916",False,False,4,"2024-09-30 23:55:24.894+00"
1063,384,"19.58782547492048","5.786431809420911","1028.9044014745737",True,True,2,"2024-09-30 23:55:54.918+00"
1064,351,"65.10627330492831","81.9331922146939","517.2717345771863",True,True,9,"2024-09-30 23:56:24.941+00"
1065,546,"36.10376048988532","75.24057421596791","1097.4770204871484",False,False,6,"2024-09-30 23:56:54.965+00"
1066,441,"79.15742198634061","9.21598140349893","954.4811438542567",True,False,5,"2024-09-30 23:57:24.988+00"
1067,963,"31.86129870267932","51.46336408574075","876.873937264513",True,False,8,"2024-09-30 23:57:55.013+00"
1068,850,"-38.984783463773205","5.913375038487789","494.9733925329909",True,False,7,"2024-09-30 23:58:25.037+00"
1069,115,"76.91777764519065","38.6238761791176","556.3266633371097",False,False,2,"2024-09-30 23:58:55.061+00"
1070,381,"50.648797116164005","48.92715941487798","701.5589015924108",True,True,8,"2024-09-30 23:59:25.081+00"
1071,530,"47.2797045006329","28.72743008480594","810.0591033886893",False,True,4,"2024-09-30 23:59:55.105+00"
1072,158,"-38.583223395494684","1.5960232036601685","563.812954201018",False,True,7,"2024-09-30 00:00:25.129+00"
1073,193,"78.09650123994503","41.942377886409645","470.62584612600205",True,False,6,"2024-09-30 00:00:55.152+00"
1074,727,"-17.29448673966754","40.129589930495804","888.0157426253529",True,True,3,"2024-09-30 00:01:25.17+00"
1075,677,"66.46233342073","49.798322290202556","353.49146888683725",True,True,8,"2024-09-30 00:01:55.194+00"
1076,802,"-35.46280379346017","60.54974025447726","342.0799848570176",True,False,1,"2024-09-30 00:02:25.218+00"
1077,172,"55.02602998434057","46.55415561759839","825.8892170971654",True,False,1,"2024-09-30 00:02:55.242+00"
1078,641,"-11.861025441743546","49.21166767197547","953.348978343717",False,True,5,"2024-09-30 00:03:25.26+00"
1079,863,"78.56410398504458","74.64733841898253","771.6298919674095",False,False,3,"2024-09-30 00:03:55.286+00"
1080,537,"53.577906695857834","43.29790282729067","667.8293841986331",False,True,3,"2024-09-30 00:04:25.31+00"
1081,528,"4.676525810434185","78.035868356581","392.93265381064975",False,True,3,"2024-09-30 00:04:55.334+00"
1082,222,"47.74220497255264","8.665127441388876","895.9203821337196",True,True,3,"2024-09-30 00:05:25.358+00"
1083,179,"10.393566519276902","27.95964535701487","368.43835907268493",False,True,7,"2024-09-30 00:05:55.382+00"
1084,799,"43.40407356376761","55.84883597642296","879.9878707830408",False,True,6,"2024-09-30 00:06:25.406+00"
1085,625,"44.35171293668279","62.692267458676","672.5501520702828",True,True,8,"2024-09-30 00:06:55.429+00"
1086,197,"40.11746862286412","11.243337854333312","1054.9304281586356",True,False,5,"2024-09-30 00:07:25.453+00"
1087,990,"62.76674260814528","68.96854141528533","680.4571253354593",True,False,3,"2024-09-30 00:07:55.479+00"
1088,786,"-31.145418913060098","7.645341989557175","770.3126516894015",True,True,6,"2024-09-30 00:08:25.503+00"
1089,407,"78.56773900495077","19.643493243033983","1046.022527712022",False,False,2,"2024-09-30 00:08:55.526+00"
1090,216,"73.11065843239415","94.90840599370706","834.9982017223978",False,True,2,"2024-09-30 00:09:25.55+00"
1091,49,"36.09532324487611","0.6800840685163179","683.1391218829749",False,False,4,"2024-09-30 00:09:55.574+00"
1092,696,"18.542080351844575","77.85301352451475","1036.3942485478897",False,True,4,"2024-09-30 00:10:25.599+00"
1093,156,"36.18702732786079","0.10200418935546463","516.5565345569651",False,True,8,"2024-09-30 00:10:55.622+00"
1094,891,"30.336396326624026","19.732349944208917","906.1641109989649",False,False,9,"2024-09-30 00:11:25.647+00"
1095,191,"29.399466578929506","41.44123550449543","919.5318350450032",True,False,3,"2024-09-30 00:11:55.67+00"
1096,204,"13.992793986909675","97.82948083221727","731.2850113504571",False,True,6,"2024-09-30 00:12:25.682+00"
1097,644,"67.11446298662372","96.3310307332764","388.77593937469595",False,True,6,"2024-09-30 00:12:55.706+00"
1098,233,"13.435638414179309","68.72204396503034","310.0978619321882",False,True,1,"2024-09-30 00:13:25.731+00"
1099,439,"-23.390252381253493","7.375495004772037","752.1896005936871",False,True,7,"2024-09-30 00:13:55.755+00"
1100,845,"32.77009673187875","12.292198553978828","543.8905494119072",True,True,3,"2024-09-30 00:14:25.778+00"
1101,228,"-15.126173904193262","83.00987330077372","879.7097563539204",True,True,9,"2024-09-30 00:14:55.804+00"
1102,457,"31.100921572398107","35.598429702512504","994.6369249204064",True,True,5,"2024-09-30 00:15:25.827+00"
1103,553,"-2.81557184590136","44.04964105689153","734.0152464830628",True,False,4,"2024-09-30 00:15:55.851+00"
1104,60,"18.386863337930947","23.002425000497627","730.4493683610053",True,False,4,"2024-09-30 00:16:25.876+00"
1105,658,"-38.48801265975712","93.20733888452348","621.7139763616783",False,True,7,"2024-09-30 00:16:55.9+00"
1106,896,"-33.46881876898263","87.36663101940665","620.9343628873743",True,False,6,"2024-09-30 00:17:25.924+00"
1107,784,"62.813597608481444","31.190493448530777","599.1264459192198",True,True,5,"2024-09-30 00:17:55.948+00"
1108,843,"-24.75530289054003","56.49682714494082","317.2040500099845",False,True,6,"2024-09-30 00:18:25.959+00"
1109,238,"23.296363792210045","28.36191592099957","442.6302807855137",False,True,5,"2024-09-30 00:18:55.987+00"
1110,228,"77.43108467318703","54.58705736203828","922.5291956044392",True,True,1,"2024-09-30 00:19:26.009+00"
1111,136,"64.52598305357277","91.57647035877514","889.4023421772589",True,False,7,"2024-09-30 00:19:56.011+00"
1112,330,"44.23397405230348","70.8060895680874","424.2348901941609",False,True,8,"2024-09-30 00:20:26.035+00"
1113,108,"67.93724913198253","9.917746460939902","927.9327439575796",True,True,6,"2024-09-30 00:20:56.06+00"
1114,280,"11.175706224635547","24.97311910643547","883.073609214474",False,True,6,"2024-09-30 00:21:26.083+00"
1115,793,"-3.7681367593329824","75.3750836605301","1069.4363106016874",True,True,7,"2024-09-30 00:21:56.109+00"
1116,685,"47.36742503999936","13.370182911200622","414.0204394126149",False,True,9,"2024-09-30 00:22:26.133+00"
1117,977,"75.93772368298258","72.77608678623126","302.4843543621017",False,False,7,"2024-09-30 00:22:56.158+00"
1118,977,"49.7460808768715","38.53831449020733","501.7972551168146",True,False,6,"2024-09-30 00:23:26.183+00"
1119,906,"70.51335416187553","83.60007808153425","359.17636407443007",False,False,7,"2024-09-30 00:23:56.207+00"
1120,965,"8.741896777983492","84.8305737413503","619.2484724580183",False,True,7,"2024-09-30 00:24:26.231+00"
1121,947,"73.0008221881112","73.03955185201742","387.89360587231045",True,True,7,"2024-09-30 00:24:56.254+00"
1122,1,"-28.790976070352517","9.60221357268265","464.08684063035753",False,False,7,"2024-09-30 00:25:26.278+00"
1123,985,"4.472606300262619","77.64670156549374","1093.6391234926923",True,False,8,"2024-09-30 00:25:56.302+00"
1124,180,"74.18728718580853","50.70242010430614","640.9053821140158",True,True,7,"2024-09-30 00:26:26.327+00"
1125,819,"-11.936713897330524","47.72855706165862","348.43743300518037",True,True,6,"2024-09-30 00:26:56.351+00"
1126,455,"48.249270822834205","64.33917740068122","528.4427974654759",False,True,6,"2024-09-30 00:27:26.376+00"
1127,876,"-18.046634426374183","66.24575100269891","1079.267738851081",True,True,6,"2024-09-30 00:27:56.4+00"
1128,947,"56.132065678146915","12.46626637627708","831.4708177400261",True,True,7,"2024-09-30 00:28:26.423+00"
1129,619,"-5.523520274930604","85.37150653945129","832.4163639121855",True,False,6,"2024-09-30 00:28:56.449+00"
1130,658,"83.3089683437065","87.75524760317445","670.619527516863",True,True,9,"2024-09-30 00:29:26.473+00"
1131,502,"9.558802252408107","65.33950267596353","531.3387424638934",False,False,6,"2024-09-30 00:29:56.496+00"
1132,833,"23.134160698257226","61.30677227893322","681.8906216097173",True,False,8,"2024-09-30 00:30:26.52+00"
1133,352,"-25.958522456851643","16.285317274615394","637.4701852167043",False,False,7,"2024-09-30 00:30:56.543+00"
1134,15,"82.48757886561118","96.24996255339518","899.4534207269428",True,True,6,"2024-09-30 00:31:26.568+00"
1135,85,"21.108496197630537","41.319799500962674","641.8436503080845",False,False,9,"2024-09-30 00:31:56.592+00"
1136,256,"84.62939766977405","41.650257517217916","979.2344380067526",False,False,2,"2024-09-30 00:32:26.615+00"
1137,190,"30.97486503600517","80.59633302210325","800.2989765497405",True,False,1,"2024-09-30 00:32:56.639+00"
1138,358,"31.93515851254628","48.306437646906964","455.8402870414126",True,False,7,"2024-09-30 00:33:26.663+00"
1139,434,"60.60261796966175","79.5121837873755","1030.2394793027881",True,False,8,"2024-09-30 00:33:56.689+00"
1140,585,"27.929368693423555","87.90266478660452","415.72545136060535",True,True,5,"2024-09-30 00:34:26.71+00"
1141,322,"13.817664117893017","87.03791947549648","879.2099035321771",False,False,6,"2024-09-30 00:34:56.734+00"
1142,868,"68.28823751744032","79.31171431339943","544.5012423937515",False,True,7,"2024-09-30 00:35:26.758+00"
1143,664,"36.73257519304069","4.597642312471284","964.7329577569305",True,True,4,"2024-09-30 00:35:56.784+00"
1144,627,"60.4254674967201","88.5955655762862","1073.1515735601038",False,False,3,"2024-09-30 00:36:26.809+00"
1145,533,"66.07580978134453","68.44319046346459","653.0791308566161",False,False,4,"2024-09-30 00:36:56.831+00"
1146,615,"57.49688518792021","6.28331071985222","1012.2593120984973",False,False,5,"2024-09-30 00:37:26.854+00"
1147,818,"-30.480506954258182","73.05775158352424","305.7033217202342",True,True,4,"2024-09-30 00:37:56.87+00"
1148,826,"48.78860101630137","14.48761664364362","533.7873317530759",True,False,4,"2024-09-30 00:38:26.887+00"
1149,839,"-32.1736923936586","50.0086218998866","1011.6852237836807",True,True,2,"2024-09-30 00:38:56.91+00"
1150,351,"-4.166178970444264","43.68935159459062","836.9707634436547",False,True,2,"2024-09-30 00:39:26.935+00"
1151,653,"77.2960320822927","41.14637645466064","1075.9248141764656",False,False,7,"2024-09-30 00:39:56.958+00"
1152,162,"4.76663096414962","44.46223988157425","461.71017652816545",True,False,7,"2024-09-30 00:40:26.985+00"
1153,156,"-9.11101030278099","87.22086880157755","1005.3524977493096",True,True,3,"2024-09-30 00:40:57.009+00"
1154,295,"-38.42170657589471","35.478223116399455","560.1297418899783",False,True,2,"2024-09-30 00:41:27.033+00"
1155,208,"-38.63169955602837","62.71852954844637","435.9102760438026",True,False,7,"2024-09-30 00:41:57.058+00"
1156,975,"-36.972721813519925","40.05050153254635","985.1075871038486",False,True,4,"2024-09-30 00:42:27.081+00"
1157,134,"54.84757103168734","79.19161510780954","467.5858725398207",True,True,2,"2024-09-30 00:42:57.107+00"
1158,4,"3.768457317640731","32.86567988912237","636.5302466570306",False,False,1,"2024-09-30 00:43:27.13+00"
1159,100,"60.62278579193861","43.420394967640455","770.5002992350169",True,False,2,"2024-09-30 00:43:57.157+00"
1160,157,"14.560115883087292","7.205204427927758","970.5555600534454",True,False,3,"2024-09-30 00:44:27.162+00"
1161,173,"40.967899004092374","96.10483017634446","895.6247260045049",False,True,4,"2024-09-30 00:44:57.21+00"
1162,336,"2.338364517839068","18.557425021596785","990.5019423944597",False,True,3,"2024-09-30 00:45:27.2+00"
